reviewId,userName,userImage,content,score,thumbsUpCount,reviewCreatedVersion,at,replyContent,repliedAt
gp:AOqpTOG8zmhniF6LUQptTPnEWJpvUtT4fp4PVVXTgUfVaEq194bF68uGKDt1PS2flde85TNOeVFz5bZ7hPwgDfY,My Dream Episode,https://play-lh.googleusercontent.com/a-/AOh14GgHbGUsUbEcnfr4M-HYrmOgywZN57GkJIt_rVthIw,Always loading.........argh it's irritating and annoying tooo,2,0,,2022-03-27 16:57:30,,
gp:AOqpTOFc1n_WtgFadpa2JEvZnhoUF8kCtKhHrC2HPVtdsBZvkr28bQg_Q9B601D5l_JKZU2uqiDcOGC9gH_jqAw,Dj Mcintoshd,https://play-lh.googleusercontent.com/a-/AOh14GjRy0mAy_ygs3f2tO9QRcY4P-_4r645G67Avltw9Q,Awouga,5,0,8.10.0 build 11 40089,2022-03-27 16:53:35,,
gp:AOqpTOF5IOeqr_xpYT9_XV2WMCZtfGPkk845CFiQA0zj4gq6acLFDV2c6-dlA6lZc6mT5H2XNzHkggg61B8Mqj8,Bobbijo Ankrom,https://play-lh.googleusercontent.com/a-/AOh14GgQNAa7quwkS_EE18-LwYlQqHhQF9T_AtTD3XlUPw,üòÉüëç,5,0,7.35.0 build 13 34590,2022-03-27 16:53:10,,
gp:AOqpTOEmkYKoQOiPmAvSxIGiKsf92eviF0-MBB91BE1RA5ZDI4twGq6HpQoFw1OL_UF8pRjoDE__ZjojTeA8ppc,Ceirra Kate Althea Pequi√±o,https://play-lh.googleusercontent.com/a/AATXAJxCVR1VP6kTkW8F31LqKel4ZHRpIT95iB4uK-KD=mo,I can't sign in,1,0,8.22.1 build 22 40193,2022-03-27 16:43:05,,
gp:AOqpTOGEZJcIBQhgKlNvwN6IPdWaw5LWZuaYj4UdvdN0PI8JwOxeq5DSR_pfnv5tqhg5gAIF-4lIukQJqq7-Ppc,daniel.c hurls,https://play-lh.googleusercontent.com/a-/AOh14GhLm8otSZ8XyjYkS66zkGYge8R3YxLyDB-hyF9gKg,Dee's nuts,5,0,8.10.0 build 11 40089,2022-03-27 16:42:41,,
gp:AOqpTOFmxHxru-fchdVLD51TR-d-WXx84q5_HSgXWoNEcOpbkItl_OMMJqaOqdDrQtaGRPhnWi7VrKBf8D3e2LA,Jason Klassen,https://play-lh.googleusercontent.com/a/AATXAJyqrUW-RmHuPp8XFYTso2xb03QeKEnjmEWV0-le_w=mo,This app always works...always. üòÑ,5,0,8.22.1 build 22 40193,2022-03-27 16:34:36,,
gp:AOqpTOGbwtcpFzdX25yvCsVnu8L1kOk-zYaf4X1jWcolurAxmXbYsiurhBJT8C07Z3_kNYyJBx26IuhFd1PVjtM,vinay dhyani,https://play-lh.googleusercontent.com/a/AATXAJysWNt_olk0YyLbiU3rBBcoowkJT3zE6vwj1dKS=mo,Not worth to download anything because it will be deleted by itself by the Netflix,1,0,8.22.1 build 22 40193,2022-03-27 16:29:02,,
gp:AOqpTOEgsXXsuarryBYed194k971gG_YVoute05bzBHjw3PdtFbqHT9EtSiZSYjdURAAyVBcsjUkDKV91HGq_MM,DiamondSaiyan Kat,https://play-lh.googleusercontent.com/a-/AOh14GjqL6JWveJKLiA0GA_6csaxLMqalFXwvcWWzUXsXw,"Messed up my last review. The app is great, had it's errors but they fixed it up fast",5,0,8.22.1 build 22 40193,2022-03-27 16:23:49,,
gp:AOqpTOEiqbVBJx3VT5GZZb72Z0DmdJ9_RdKjw9EU9527sA7ZdymXX9UowJq3vOkVIvV6l0T_om93c552-h7cXWI,Nestor Jovan,https://play-lh.googleusercontent.com/a-/AOh14Gg8U-bhh7Qk5vohnygMx-8f9cAgb8fdfYne2Vhv8Q,Extremely disappointed. What kind of clowns are making decisions at Netflix? Cancelling Archive 81? After it was a good hit. Then you raise the prices? I'm fed up and cancelling you. Nothing good to watch anymore anyways. ‚úåÔ∏è,1,0,8.22.1 build 22 40193,2022-03-27 16:18:13,,
gp:AOqpTOG06cqwVAYvmeBz_F-DzRE6gMg3QTmc_7Tmz8KZNwMCAr6fDgfdN_6MxAOxZK4JtjsXfpgcFKMmgA2qw7s,Mark Zalewski,https://play-lh.googleusercontent.com/a-/AOh14GgqWKI-HawwMn98g3u8X1-FMLzw6yw2p3krceAzMQ,"Went downhill, too bad used to be good. Dumb down society is new mission.",2,0,,2022-03-27 16:15:08,,
gp:AOqpTOGmkMokhZ-3hqCq6l7KHRUWNmFy7ni37XCCS9U6lNKQOZPuIFbGSb0Ay-QT8PH1S__pwW6iPw68eJ31zh0,Jerry Lewjs,https://play-lh.googleusercontent.com/a/AATXAJyA0JBmvsRW1_Sn3DyPJUoPkfafHsy_nGigrgG0=mo,Very goodü§ó,5,0,8.23.0 build 12 40200,2022-03-27 16:09:35,,
gp:AOqpTOGNBzfcX9Q_RXZImV38Vw0ZWxa7M1QniBbnvt-ZA2eC0pyPHrHayh1rGckVG1m3Q_iygSyGqPWcVwimsCA,Muturi Marclus,https://play-lh.googleusercontent.com/a-/AOh14GjOv2i4-smENyOvTOMhtztgrPYvHpEg0q6F7FNOjQ,üëçüëç,5,0,,2022-03-27 16:09:05,,
gp:AOqpTOFF5Ic-Fp-t_ngS1sjMNKTfHl1xBnAe-gb_Vriyw2wq2Y5dQ6FLQYTpCkH77GOquyMgigI82M-UC5l9Y7g,T N,https://play-lh.googleusercontent.com/a-/AOh14GitCFt4evDWoaeZ56PCOodDVj7PTh6FYxJEbbc5,Stopped working on my Samsung android. What happened?,1,0,7.70.0 build 15 35063,2022-03-27 16:06:54,,
gp:AOqpTOF3so65DpUQz_2_ghnHuqV0Ev63bOlNfsHIIZgeuh8O4dTGQsBM0dhffxnRlNwHQfd0n7mdGACwltthQ_Y,Sheel Patel,https://play-lh.googleusercontent.com/a/AATXAJzUHG_OcsuE35-xg39VRGF_JhBqsyGg1gQ6sQ2j=mo,"Why the hell has the filter button been removed? That was the only place I could get movies/series of my taste!!! Nobody wants the stupid ""play something"" button! Worst update I have seen in an app. Bring the filter button back!",1,0,8.22.1 build 22 40193,2022-03-27 15:58:26,,
gp:AOqpTOFCFbV0FeY8_2FlAUYEd36TKl9OGBUqy60EhnG9I8Hgqg_S8aOHzHQtTa2gpcqBSGAjJvb184udGQ4Sbng,Jarjan Fisher,https://play-lh.googleusercontent.com/a-/AOh14GjB_eH2SJ_-yGxh5zNQOG0QAwh7C2ixZbZugNjMGg,"Oh, FFS Netflix... Now the filters have gone and I hey ta ""more options"" button that leads to an empty menu? (And no, I do *not* need, nor want, a ""play something"" button. Your interface seems to focus on shoving content you want me to watch in my face, instead of letting me search for what *I* would like to see.",1,0,8.22.1 build 22 40193,2022-03-27 15:49:40,,
gp:AOqpTOEc66NCtPGUwC77w_U8YzCvPgy72aZqtVqpb8VnNSQgn3w-_MDDZ1VeTZnyc4E4LTY_YvtHzqCse9mW_CI,Jose Ramirez,https://play-lh.googleusercontent.com/a/AATXAJx2NjnWjc7FdCZXCliSt8VP-f1W6Oz6-EMU0lyj=mo,WAtch movies,5,0,8.11.1 build 12 40101,2022-03-27 15:25:14,,
gp:AOqpTOFSfsKnox1pQOK583ur2ovsp2l-nZqFhstbqYFvvXEzUA0pa6RoYhQ5nK32sJqmdYOy9a2ceS2zLqthfEs,Hizaifa Hizaifa,https://play-lh.googleusercontent.com/a/AATXAJwAx8vip7njrufmKY3CRSlO7s1RUo7ihOkaQbvm=mo,No buffing with solw net,5,0,8.11.1 build 12 40101,2022-03-27 15:17:56,,
gp:AOqpTOEx54_bgNII-6TwAKpOdMj7dU-0nAnEtglWTiZaVWBUNHmr2EiPpGtKHPWq5G8GMhspBqIEZOlRConQ9Xo,Justin Erickson,https://play-lh.googleusercontent.com/a-/AOh14Gg-pdHmZ7e0gx9MbpBh-kL4EinllsZQqvc_M9LgyA,Overpriced and has nothing worth watching even if it was cheaper,1,0,8.20.0 build 12 40171,2022-03-27 15:12:18,,
gp:AOqpTOFe3sSaZUyjzhpVzZ_2hiQ3TLczkcQ8dAQkQ78eUxsQ4GJKjMb7jIF6HkrDbMTLc9SIXSV31GsIJZA9LRc,SAID KHALED,https://play-lh.googleusercontent.com/a-/AOh14GifAYVxenVTkp0yEq5iJ4StSyZeu_FZdZUoQgGt,Sexü§¨üñïüñï,1,0,8.20.0 build 12 40171,2022-03-27 15:07:46,,
gp:AOqpTOEOTKJFO3vdBfn0aJJPCSt7mauU4xIhOtg63dtgnlQQ59nOjh6eiGGmfwRP2vqXTOI1xnjn_18436aDIDw,Fuzeion,https://play-lh.googleusercontent.com/a-/AOh14Gi21Cizh1yDFd1JEIeVLTReWjfsQfEnMu2q6P1B,Why do I haft to wait a year for 12 new episodes of peak you are the worst streaming service ever all the episodes are already fully animated just release them weakly I never thought a company could ever go more brain dead when they never even had a brain to begin with.,1,0,8.22.1 build 22 40193,2022-03-27 15:05:12,,
gp:AOqpTOGrPa29Ww-6dXml7puIexgBS6l-9V0rxGA6dwSVi-sOFyOCPR9Qov8ZQMSkGZqwwlC5HdFu4DDPtEymjU0,GAURAV VERMA,https://play-lh.googleusercontent.com/a-/AOh14GjLTBRqXPpGUlF05m2Ty4Otec6cCWhl8UVUmOluoA,My Netflix is not working on my tablet. It's showing error -187,1,0,8.22.1 build 22 40193,2022-03-27 15:00:36,,
gp:AOqpTOEPONoq65GFeovKWx5Elubcj0HNwLO1j4DBj1eCZCqhFwbdbGt1OtBOtM0-7wIBS4Rs8bH2M08YiSRmY8c,NOSY NINJA,https://play-lh.googleusercontent.com/a-/AOh14Gie4vkzGMd6TqPABAks3H1my1NE1xzecvCFhnGrHw,"App doesn't recognise my usbc storage on my android phone. I can only download to local storage, which isn't great because I don't have much space. Disappointing.",2,0,8.22.1 build 22 40193,2022-03-27 14:55:06,,
gp:AOqpTOGTWCSckzpVQoVQBnSUr65EzAbLL2EhqyIYASCsvzgQ4XV3KQMhjAeByJsi7_gkBriZtfX8D4OXC5wQ-N0,RihanOp Ansari,https://play-lh.googleusercontent.com/a/AATXAJzaKn0Z3X1BqjXHPeG--VS68p8J6cDm-f1fe5em=mo,Nise,5,0,4.13.2 build 14565,2022-03-27 14:53:09,,
gp:AOqpTOFruXyRHI1scxrWBVWL2jPQhsxEZndHlpyehYN-WDzZ9MIq98POIzrPO1Zt4B6ztFXt_enb7SpFszKN3Jw,Flooo,https://play-lh.googleusercontent.com/a-/AOh14Gh5KgfZArOqkFqLvDWAkPcovAKwpSoseaRZItfNLQ,"Como es posible que est√© pagando un plan de casi 6mil pesos chilenos para poder tener la plataforma, y me diga que no puedo ver series en MI perfil porque otra persona de SU perfil est√° ocupando y yo tengo que esperar, pero si quiero ver en simult√°neo hay que pagar casi 3mil pesos. Si tanto reclaman que pierden dinero entonces quiten los juegos que m√°s encima hay que instalarlos aparte, y gastan mucho almacenamiento. Prefieren renovar series basura que mantener a sus usuarios satisfechos.",1,0,8.16.0 build 6 40141,2022-03-27 14:30:04,,
gp:AOqpTOHEoSq2Bbz6o00BOMVc5NB09GYDva7M2I8_PjXkGICeJnwl7FezZBoRAIjGyI3TMcKxQEcnd4MjgYgfaFQ,Vaishnavi Srivastava,https://play-lh.googleusercontent.com/a-/AOh14Ghm5xWNeoi526Cz7yIa1byH2o8zqBd1iauaj3p4Gw,"Always error 5.8, no matter how much I reboot. OnePlus 7t",1,0,8.22.1 build 22 40193,2022-03-27 14:29:49,,
gp:AOqpTOFS4LTJHzIi-Ddm7G9LEnolPEuF74DgQo2kEv-E23pP-tKtMD4H5YA-hznabPZgRIVyhxlJ2vrQIjwDOoI,Irniesuryianie Hb,https://play-lh.googleusercontent.com/a/AATXAJyqUKFjce0s0qxQq-OcM-hPU48dDJk8i0sUclVN=mo,My movie,5,0,8.21.1 build 12 40185,2022-03-27 14:25:29,,
gp:AOqpTOEmQlNmpZRCe85jQ0KnFWO7NJDMA-SLggQpiC2y5k2adF709_jNVztbjs2x-actyEeA67Ju7PBEWVhaiEU,Rutchel Alaysa,https://play-lh.googleusercontent.com/a-/AOh14GhkK3EHH6pQSNV4-anyyDuxGds9cnlq0t8VBM-R,i cannot log in.. only netflix... no username or password for the new update i uninstall then reinstall. what happened?,1,0,8.22.1 build 22 40193,2022-03-27 14:19:02,,
gp:AOqpTOFxkhiRtryNmFzh4aJnBWu-6Y3wTEB4HwdcOsiQ_zC3x6pTLiMeR9KSnQudAB4MyOw0e1Gg5_9ImTPk7zk,Jami Lynn CISNEROS,https://play-lh.googleusercontent.com/a/AATXAJz4DdaegssKkYOzbzOzPZAIU5jH4_jKz0Lrkn3i=mo,My only complaint is the length of time it takes to bring new seasons on board,4,0,8.22.1 build 22 40193,2022-03-27 14:15:03,,
gp:AOqpTOEJyPml5DZSy3tF4G_TIef--nV_sqvg3vVv9ouo8Pawk3XpBDfPdrXwr7eKDs4bRyP8Z3tT7HwImByyGWs,Hassan Sheikh,https://play-lh.googleusercontent.com/a-/AOh14GibPL5GH7NkXl5FKDqGpRu5WlkMV62N3Qfd9S0Ckg,Resolution of the video goes down to $hitty 144p for no reason.... Even ping of the internet is not that much higher... Just 6 or 7ms with 20mbps of the internet speed the YouTube can stream upto 4k resolution but Netflix literally streaming on garbage resolution with the same internet!! Why?,1,0,8.22.1 build 22 40193,2022-03-27 14:02:01,,
gp:AOqpTOHvz8vFGXpvAsUy2IPQm7BhYe2fxkbxFwzGihy7tmNjrMiq1XPIVVUMKMxQvhA8MLnfPpI6FOnHquw7ErQ,Hiren kumar Nakrani,https://play-lh.googleusercontent.com/a-/AOh14GjEKEtXEcUy0YcSvftQubdtO0RSrHU97Yc--lA92g,Osm,5,0,8.19.0 build 4 40164,2022-03-27 14:00:16,,
gp:AOqpTOFrJwe7im9hD5PGA-r6XJinlt_7Pi3heQEi2TlmC2A0zW-G7PPhaNEnXrgREknaoX0QLKFjKeTDk9q172E,Summer Moore,https://play-lh.googleusercontent.com/a/AATXAJwhoX6NOJxxp_BtGSqRsC_ri1miTuNl5Uw5LSWe=mo,1000th Summer is,5,0,,2022-03-27 13:56:10,,
gp:AOqpTOEB0DmjaXupbGeY_jVisHuZKBewNW4Q6kSrlAKrDc0tYgtTCEpiOTijng6EFeHTpvHiESilYMbJ3nhx_Sc,Frankie Gibson,https://play-lh.googleusercontent.com/a/AATXAJz9kLLswtFCzprzKDdaekWc8XlPgYIvZBgZ_s14=mo,"I am really unhappy at being forced to download yet another specific app, when my browser is capable of doing the role. It just eats storage, and has less functionality than the website. If I could give this 0 stars I would. Deeply, deeply unhappy customer.",1,0,8.22.1 build 22 40193,2022-03-27 13:53:08,,
gp:AOqpTOEEUuORAudsWDqONpvA2YqUy8SG-DnxZ8eb2Q5AnLYXWrFMwpjjNl4nX0uG5XB_JG74nJdccZv2EFpbJcU,kelly larson,https://play-lh.googleusercontent.com/a/AATXAJyZNmgK2pXuO5Z0X9Ck5nLktQQDJFk_NReH67HF=mo,Would be nice if I could choose which devices get which profiles. I dont want my kids to have the adult profiles on their tablets. And no I don't want to set a password for the adult profiles because then that's just annoying to login everytime.,2,0,,2022-03-27 13:46:11,,
gp:AOqpTOF3gNH_1wI-LbdQOUJH9ca9mXRgJ3f1-eMVz8BJ2h8tpJJJCzUn3Zu8_Tkik0Nq7fH_kIOOnjNXW-D7q90,Olivier-Pierre de Belmont,https://play-lh.googleusercontent.com/a-/AOh14GgoqGyWfRYSzZfGLrdmAAAM0FHwe1U6XqQyqBc4Wg,"Can't unsubscribe,no way.",3,0,8.22.1 build 22 40193,2022-03-27 13:45:38,,
gp:AOqpTOH81POBrEeHTVlaKVaUmyozKNUgufXr1FgQim-fPD0Gir0W_P094e0TruCq_LgYLrGoC8iRBGRmLB0AHTc,heidi Holtz,https://play-lh.googleusercontent.com/a-/AOh14GgcIi9CKVHkYnwjT9jHgcpgNq2OBgsevwMJSQgq5w,Need more new stuff too watch,5,0,8.22.1 build 22 40193,2022-03-27 13:29:10,,
gp:AOqpTOEtDbyTjB31ccM9bMMDXqnwhKtBC5WR1p0az_Pkk8sDULkBxa-fBcieBNiqmYFyguK37y9dqcRRMxXp9ps,Sheena Angela,https://play-lh.googleusercontent.com/a-/AOh14GhFrg0nAYj9QKuzavra9XwNsQUH47KxaVv_5Ac4Og,I'm gonna give you 5 star if you continue Anne with an eüò±üò±üò±üòçüòçüòçüòçüë£üë£üë£üë£,2,0,7.105.0 build 10 35484,2022-03-27 13:27:08,,
gp:AOqpTOGOgAMHDjNlja13qh7fmkkN75RaKA1hb0HaLe3NgRIjvrk7vMILRz6isIL9UgeqSWsk-X-C6074fL-YyiA,Manuel p Martinez,https://play-lh.googleusercontent.com/a/AATXAJzvrx818U6Oxri6jFjNbjDnP5gAedfsjgz8Jujk=mo,Open the app,5,0,,2022-03-27 13:20:04,,
gp:AOqpTOH_FfgUpnf_Zz65Gj_kaRlO7PzJTWczfta7gCpY4tOyb9T9shfnUnCbCQZT9cvF-9bcAOSzyb8P5xGaEWs,Daniel Morgan,https://play-lh.googleusercontent.com/a-/AOh14GiiRHqEhwU0Bl0Fh4Zikl3pINH6fPvWES-GUy6k,"Why am i not allowed to uninstall this virus ? Im over 21 and legally allowed to drink, but the option to remove this virus is not available ? Is that a region restriction then ?",1,0,,2022-03-27 13:20:03,,
gp:AOqpTOGR0b5cXkETuGuyi88GptZwUsZridxLEpGX-P4z108kCfCPbjEBHS6NctlLDGEJw7J-erI8QxKjQuA8Od4,Fatema Begum,https://play-lh.googleusercontent.com/a-/AOh14GjRNMo3RAvMANO3BaYn4y4eBb8iH9t3GQIasHpl1w,It doesn't have the movie or kdramas that im looking for.,4,0,8.22.1 build 22 40193,2022-03-27 13:19:22,,
gp:AOqpTOFbQdWzNP2A_5XPZ1OpnnGC_0pAd47FftRvYg-fL0tZUX6r4cqQWpz7mY-IiyRQJYl7Ub4CJl-mkHRaT4g,Kaddijatou Jallow,https://play-lh.googleusercontent.com/a/AATXAJy69BP2CMktVVkHF-YTYn5LKWY8BhE3LBnKZ1HZ=mo,Downloade,1,0,,2022-03-27 13:02:37,,
gp:AOqpTOG2ix05MVdJW01bGMMH5TtQNR1qY8iz103fhqPqiBt22Avj9YiX8ADsNQe5lOxTUYSymv7RWBbSs2o0bTM,Aavesh Bagwan,https://play-lh.googleusercontent.com/a/AATXAJxqfZskU_NDQj8FjdhgcIx3cxSUVZ85MkbolmRU=mo,Bhankas,1,0,,2022-03-27 12:52:41,,
gp:AOqpTOF8vndUPJiesMDo3Xqo90lItqkj3gJcqy1VNakBW9Yg2l2mT8qOcrXJgQAo8AvorOvLeFKdLKx8K_0KzXI,Swaleh Salim,https://play-lh.googleusercontent.com/a-/AOh14GhjmHeQNEtzGxTADYmpJhw8Llu9GT4Yapa6FjAUOg,Iko chonjo,5,0,8.11.1 build 12 40101,2022-03-27 12:50:01,,
gp:AOqpTOGwX1Y_4pvbnGNNGtA0ae1uPHrDz6B9wenJhjDGxF1Zn5CdfLlmqzZ-qDjPDKZZeZ__OQJ5j_rmobg-5TM,Marlom Maliszewski,https://play-lh.googleusercontent.com/a-/AOh14Gj4SbJ8Gv8AQZ6vWE7iyUBDEo3myrslKVcB5MzaBnA,Muito bom,5,0,,2022-03-27 12:45:13,,
gp:AOqpTOEDuj7DEtDB_3A-b0lL7jXysDD9-0EysgRv8WdJeRXoumy_NWuPqy9CSQcd0gB_3v8Fr_Gbd9bo5bTYa-8,Darshan vanpariya,https://play-lh.googleusercontent.com/a/AATXAJxzU7ONHgddd5cXy8MUtJ-K_uRHdhWD4ZWgxDLA=mo,3 to 4 day this app is not open there some issue app doesn't work,1,0,8.22.1 build 22 40193,2022-03-27 12:34:30,,
gp:AOqpTOF7tMmwB8wWEWXTCbcPBv6oLV93ODVS26gvIXoN6yFUaO2hDeWZGQYJQbERB8m4M2bOQeTlBwP_XuUZUFk,Mercy Ndungane,https://play-lh.googleusercontent.com/a/AATXAJzc-5_wClaQaJ-yDJJokNmZcipvjWuEThwLyr9N=mo,It sucks it does not want to open yet you pay monthly,1,0,,2022-03-27 12:11:47,,
gp:AOqpTOEqAON1TLAdVLNlLPR7VrnnffYPdBL6gai9obIto_O5yH6j3DoBL3uonLCM29AWmJyVZOFBXjX2tM3dfWc,Cheryl Thompson,https://play-lh.googleusercontent.com/a/AATXAJzFLcb10IlCxVMnzRZizAbH2yJlKC4oW16dJDZr=mo,Cost keeps rising,1,0,8.22.1 build 22 40193,2022-03-27 12:11:02,,
gp:AOqpTOFKnqg9DoeOI1lLguVDYXO3j9kaCUyBbOaNwHLV4gCnNSYF7rGdkBHdBfxiD6egVY2_I5KoPwaKBOKevZc,peter murphy,https://play-lh.googleusercontent.com/a-/AOh14GgMffsixpxz8xtWkKFH55-TEV-pU29nM-N55nAOzA,Nexflix has gone down hill it says it's trying to be better but it's putting Spanish movies with English subtitles I don't want to READ a movie I want to WATCH IT IN ENGLISH ALSO THEY ARE PUTTING ON SHOWS THAT WERE ON AND REMOVED TRYING TO MAKE YOU THINK A SHOW HAS NE SERIES BUT ITS A SHOW THEY RAN BEFORE AND REMOVED THEY HAVE BEEN DISHOEST THEY TOLD ME TO REJOIN BECAUSE MY FIFTH SERIES WAS BACK SO I REJOINED AND THEY HAD NOT STARTED THE NEW SESON THEY LIED THEY LIST MY BUSINESS,1,0,8.11.1 build 12 40101,2022-03-27 12:06:46,,
gp:AOqpTOGSJ7vbDLFrB6nA1v21zxi43i0v1wuvD9yNGTyqhuWq3GxxKjvlZW5T9_woKC2Fj08y7v6mZqN0XVp0cGY,S K,https://play-lh.googleusercontent.com/a-/AOh14GiekggM1iY9b_AePPxJEWOzl00kF1CNIi6u_zpjCA,Broken waste app,1,0,8.22.1 build 22 40193,2022-03-27 11:58:16,,
gp:AOqpTOEkSQKLbA1NIhH1G5qeIPX1DwR2G5LRQNQ8DVw7NNcBp7jQqQV5Rv6tutYFKEUYvkRCLKZdkPBoABNqK9Y,Oo Naing,https://play-lh.googleusercontent.com/a/AATXAJzK6gMfKNDIkFi6uK31Ci2zif7REc5ajJYiDTSc=mo,·Ä±·Ä°·Ä¨·Äî·Ä±·Åæ·ÄÄ·Ä¨,5,0,,2022-03-27 11:51:24,,
gp:AOqpTOFyTepsfibqHXg_mN7lnN0AvrcEet-NKLnjM-q1vlPJlw9m2qCbheM6kgNtoM3fQIWKJHZLa1IQrIAFzUA,dhanaji kale,https://play-lh.googleusercontent.com/a/AATXAJzNTPmN7YZka343qEDSX-528JhLPmTX4dXYnr9a=mo,Full time passe,5,0,8.8.0 build 9 40070,2022-03-27 11:45:24,,
gp:AOqpTOGDHtjPs0zLJrfJ41G6O3-QzadyD0uVgVd6Eu__45LnIObuklxwk9_StCDhJ47_a1x-4nc7YO4FcTZFZBw,Siva Subramanian,https://play-lh.googleusercontent.com/a/AATXAJw0eF2e4nZTfRkF5Qean4evSl1NJlpiVxtG_87Z=mo,"Unsubscribed, very poor collection of movies",5,0,8.21.1 build 12 40185,2022-03-27 11:34:23,,
gp:AOqpTOHRMjsseSer1ssbyOE8dAgiw8vMNB5Ns0q9MZa8mw6sfuTfiRz5G4sRlyM-PaA2yLF22pni2LD7NSrZBsU,TJ Isham,https://play-lh.googleusercontent.com/a/AATXAJyxtkMV84_r3qFPquaH9vJlmk0oBjMQJ5uu1qQc=mo,Because it has the last kids on earth,5,0,8.19.0 build 4 40164,2022-03-27 11:23:10,,
gp:AOqpTOHlnNT-vqY27ATE3MmaL6ALl3cRniFPJFbQmhjUeYGr6EzGJUmEMexhn0iIQJCG4vCH1WHHsB4diq2tMao,Surendra Surendra yadav,https://play-lh.googleusercontent.com/a/AATXAJziy-UetolgvogvQt994Snrps_fettTh12ny8am=mo,worst üëé app in the world ü§Æü§¢,1,0,,2022-03-27 11:13:03,,
gp:AOqpTOFXJXWi5W5R4XKNpcS7b9HlZz2ey84xUS-Je8gpjsNmNCcnem9qOsMPnDvYyuVKn6NKXudNXEpXZQvu-zA,mahdi officiel,https://play-lh.googleusercontent.com/a-/AOh14GgZuvg77Oo6bIgKaKMzON6m5J3VceAaqZ9ap2_auA,a bad app,1,0,,2022-03-27 11:12:44,,
gp:AOqpTOFGLJTnue2RsNIUNCXQ39xXGAqPMBQxep8MqUrn7NwxY0Ug0vjrkipgcfOXNMzKGCarHIn_tJnR1Ef6Hlo,Atishay Ritul Patwa,https://play-lh.googleusercontent.com/a-/AOh14GhEY2W5xkG55jlLj8u8M9EuB8ZqiiVO5jB_EcKWmg,"I am having a problem because whenever I try to forward the playback, the sound is not calibrates to the video and also the forward which shows 10 secs is not forwarding it 10 second, always forwarding it lower than 10.",2,0,8.22.1 build 22 40193,2022-03-27 11:06:19,,
gp:AOqpTOEX-Xm4foF37wdDxbOg2w_rH8-Q6VObTrz4lWsrBxjtXnNzHqwexejM9dF9vIMokzCSn2RZn-zT-W0K0zk,Simon Babu,https://play-lh.googleusercontent.com/a/AATXAJyJq5uFJXW894N0jpQFpYJ7A1bEMwH-MPd3gd7H=mo,I think you should also download on data not all pple have wifi,3,0,8.19.0 build 4 40164,2022-03-27 11:02:59,,
gp:AOqpTOG1JBtWihcYk6CN5qljTfum_VfpZQJ4gw9_87X3NUJrb4OedAzwDXBep94iilni83JFjiWNloAmVyc--nw,Rouge Orange,https://play-lh.googleusercontent.com/a-/AOh14Gi2UeYbfS-Y233WeLxQjuL0BTs92r6JUjCC66IpW7Q,Greedy bastards.,1,0,8.17.0 build 6 40147,2022-03-27 10:53:47,,
gp:AOqpTOEK1Cq2gXIhQ6WkX0FjEu3HSa-CdfUlTuFR3DuUd6U7uc57Ncoz0hP1wVuj6ZncEMGb8RpOJVc9KzQpoJM,Mounier,https://play-lh.googleusercontent.com/a-/AOh14GiDmdDmny9XpQK_Vle5g93KnxOGSlIkYViS0dn2ag,"All of a sudden I can't add anything into my Favorite, it always gives me an error, whether it's on PC on TV or even on my Phone! I need someone to fix this! It's ridiculous.",1,0,8.22.1 build 22 40193,2022-03-27 10:48:27,,
gp:AOqpTOGFTUfKgRd4DYMs6DCU8Bo2dg66ZlNS95vMTHCOuEsqDJRDwn3XmSO4Pqlw2AQVSfkedOIHPMP7C_xLUH0,vishal kathiriya,https://play-lh.googleusercontent.com/a/AATXAJzI6bO-FvqpTaIUyTS8gvw8VFdVI2JrHy5pI6mH=mo,Limited payment options not accepting indian debit card,5,0,8.11.1 build 12 40101,2022-03-27 10:41:04,,
gp:AOqpTOHtUOBv9ydofbIkL1w5e7SQ7BLPYtsNqlB0qbgpuL31dkiYOz7MGHCa_YX8G73h0bWnyquiz4qV2q9-OZM,Kevin Cowle,https://play-lh.googleusercontent.com/a/AATXAJxPyPeyP5jjHegPN5GuaXFZ-LJhhptZJ_KeAgrD=mo,Won't update,1,0,,2022-03-27 10:26:42,,
gp:AOqpTOGmZ-sgog0gGUWwsWTeFNY6VMiBWOkVWrSwvgDOGdBfr4nPLS7RZSGfSb5_I10MTOrT3TcqwfvSalD6JIY,Tatiana Fojtik,https://play-lh.googleusercontent.com/a/AATXAJxgMCftlrz5FZQ-L0ia4SBEc75kJPdi2xgwE4Lu=mo,Yas,5,0,8.7.0 build 9 40060,2022-03-27 10:25:42,,
gp:AOqpTOFeN1B7mm5xJq-K1eiWzIbpi7joTwiDclZOVO0s8Nc7GPYHUYSOvxk3cwov-LFKbekuuQUxLKr4yHAw4eM,Celia Arriaga,https://play-lh.googleusercontent.com/a/AATXAJxkMjzc2PpRU2EPxn5GWjqENrtnVgh4D7z_V5TG=mo,I am using it for my kid,5,0,8.22.1 build 22 40193,2022-03-27 10:24:47,,
gp:AOqpTOETPd9ZxkqcAUhS9-AMdAqmi9tY_8FQffPQme4sOn0D18zEhUnlp-djV5H07aHVyoJAvNaWo8if7o2uzbE,V R G,https://play-lh.googleusercontent.com/a-/AOh14GhKNrD_PmAHlQ1l4qGcn9mE5TkXtro1hncg2PmELw,Latest update made all downloads disappear and or to be downloaded again,2,0,8.23.0 build 12 40200,2022-03-27 10:16:39,,
gp:AOqpTOE7mP84T6GgnmkW2-Amozt9kj1HkTFcr47aZ5BEHz5vP2Vkq-tv_yMTBy_FfS7ugB-MzGpJgJJyophV3Fs,Rayyan Ali,https://play-lh.googleusercontent.com/a/AATXAJzL6nssDhZFuUZHVyI11fKRWjb3LIIAuILY6cg4=mo,Anu KV44,5,0,,2022-03-27 10:15:24,,
gp:AOqpTOEzQpJ6hZgFPHeTa40zq6pmlbR4d39QtiaQ8Ei7ity8octlmNBX47EJQ1kVhT-_eUSK_pv0LElbP8nXfaA,Jose Zepeda,https://play-lh.googleusercontent.com/a-/AOh14Gimr7m7fmhmnTQHOS-Tm5fhMqPbAOhZlsleD_Ovsg,Update s in New show gone & coming,5,0,8.22.1 build 22 40193,2022-03-27 09:54:14,,
gp:AOqpTOFugOVJnFcdN3nic7rEYW0lSz9udzLb-qj7I9DXWVyBa7YGNvjsjhPygpxLFzTdfDjP2TiKEA6v5hT2jvE,Ben W,https://play-lh.googleusercontent.com/a-/AOh14GjeWxjkzwhYUUX8-aGs5ED21zsNUSJAzugZsYfE8g,Great for killing time,5,0,8.22.1 build 22 40193,2022-03-27 09:50:39,,
gp:AOqpTOFirGYTxw1qtZg0doI7EL8AoJ_xhnHgdGgxd26UByNDvI8pLY_YgFvkQGpNBpGHuhM02G6xCFqqnTfqAxA,Cesar Rios,https://play-lh.googleusercontent.com/a-/AOh14GgyeXMGpI5B_Sf3IPRgMJwbYeNmJ2LB9EvSOxFJiQ,üóëÔ∏èüóëÔ∏èüóëÔ∏èüóëÔ∏èüóëÔ∏èüóëÔ∏èüóëÔ∏èüóëÔ∏èüóëÔ∏è trash,1,0,,2022-03-27 09:45:34,,
gp:AOqpTOGydQm3InPMEk_6m4_9gfYFxlNyzlx9GQC-gzL8Yw2TkbfuXRGMeZQS8fwDm1OT7PQNKpimCE_7r-iln8A,Huzaifa Munir,https://play-lh.googleusercontent.com/a-/AOh14GjDrlAeMpzQHTnGy_LjHOHBIsFLaqlCoNQtFR0K1A,Heavy,5,0,,2022-03-27 09:43:09,,
gp:AOqpTOEAmp33dWkiIp2bJn-smeGNgQ_vRbL1aSzl8K7vqSjZi8hJil4SoKkuOWB406EBi2m0EzSGtahrXqtzxx0,Anderson thomas,https://play-lh.googleusercontent.com/a-/AOh14GiUD5OTpgOXLiRolcb5SuxUt-HH7ZaXZw0hpqqE8A,I have raised query since 1 month I was not able to use Netflix but no response from the team... Totally disappointed with Netflix,1,0,8.22.1 build 22 40193,2022-03-27 09:33:33,,
gp:AOqpTOGFkek_cDVWbMW2YgHWE3hX4SwzmOHWMjtCKQKrGmsEmdXalHp102eHM4PhpOOFQwnL4yLML3nLJMzVKQA,Ahmar Khan,https://play-lh.googleusercontent.com/a-/AOh14GjdoBKF319Nzih4RQjtupS5SMhp4U9R4zOb5SwZ,This is not a free site .,1,0,,2022-03-27 09:21:14,,
gp:AOqpTOFIJRr2CR7estasl_otIO3tgAT5VTthlrOqFBDadWcn2jVGmDGeNag3GcaTdGMIamalptzL-iRV8E7JlxQ,Roni c,https://play-lh.googleusercontent.com/a-/AOh14GiIuTtjClWS1x_1KF2g98bOIyhpSB4pFDeQ8COVjQ,Release stone ocean,1,0,8.22.1 build 22 40193,2022-03-27 09:10:15,,
gp:AOqpTOG-mky2m-bi0ohWypDEy7WlFgTZf4PhZP27qx3VvnTydC42hUZ_FikvteSDdLIKapwbIVpZozpTI2Js2kY,Chaitanya Kumbhar,https://play-lh.googleusercontent.com/a/AATXAJz0dBzN976btL4HepZ37MyWxeswLP_VhCRtLd3Z=mo,Ol,5,0,,2022-03-27 09:02:25,,
gp:AOqpTOHUIH06zvy4eVk-IFsmQty8MkYd_8M8zpQ32kLhOyvfjO241_CTn0bigPOAfFo2x33XZI9ZtpC0RzvjQ8U,kim,https://play-lh.googleusercontent.com/a-/AOh14GiH2_p-zGSMEdgCinSjei_nSumg5zYBSZMLVCfnmA,"They have deleted the good shows, and added some annoying, bad shows.",2,0,8.14.0 build 5 40129,2022-03-27 08:40:44,,
gp:AOqpTOEvaiAABgP-MOQG6W_5ommedB_8oAsS96A2RF1G6-RdNLKYgXDNXZXzGYpiv_dxOjbd8TzNULrqKyiKlFY,Lazar ≈†umar,https://play-lh.googleusercontent.com/a-/AOh14GheVnh21YIG99Yg9sN6thlzJzIWqfzTKd0qrh_Xbg,"Using the downloads for traveling is infuriating. More often than not you will download something that you start watching on the plane and then continue watching at your destination for a couple days. Then on the last day it will invariably mark whatever you watched as ""unavailable in this country"". Worthless app. I don't know why I pay for this service.",1,0,,2022-03-27 08:32:23,,
gp:AOqpTOFaUqVBUnem1fpbpAR2yNTO4B7U-pKi-gZKPU0g5soNmZUwyPk9A66G997y7KBwj-XRSNowH_1x_0slQ4Y,Jack Crane,https://play-lh.googleusercontent.com/a/AATXAJwk9zXhHtTAX-dCJsXezHREiJOR1WXHyzoLppYL=mo,Check your accounts was just informed by a worker from netflix that my account was hacked and my banking information was leaked.,1,0,8.22.1 build 22 40193,2022-03-27 08:23:37,,
gp:AOqpTOGjBlnq2IrQa5NMpLi9Ez5FhilEwIbIcr-OGTUl_DeBSLdwITqf6Gp4h7diziIA4AZ5SToHO_tN-1Gw95g,Rajesh Sidhwani,https://play-lh.googleusercontent.com/a-/AOh14GhuFbmOTh8SGZJVB1u1QVL7Me_pIw9s5MTI8_ra6sM,üëå,5,0,8.22.1 build 22 40193,2022-03-27 08:17:03,,
gp:AOqpTOHhwwQnkAIDoMXFOR4CedC7Ew5NYID5QYsP4QWiBoUrdxxpw-8VelT_6OCZyVTkEqgoB4Ba_taYFiwncKs,Susie Cunningham-Dunlop,https://play-lh.googleusercontent.com/a-/AOh14Gh6l5KVv8Yv0eRvKnyuKV-MmQDTGtaJH4T2ns05Ng,Lots of variety,5,0,7.55.0 build 31 34846,2022-03-27 08:08:21,,
gp:AOqpTOEJ_tTqVYYIER5mSlm2svgqBIshF7YbMC685Aw3TlaOpDEhLO3K-tvqsUVd6eqd8-6Vu4-ogczD7koRD_s,Wavpro,https://play-lh.googleusercontent.com/a-/AOh14GjTz63a7DXXrA3RTYs3E1iODdgK2PJcjCuttOGN8w,"Absolutely terrible, ruining my favourite show (JoJo's bizarre adventure) for everyone thanks to the forced delays in release and batch-style of releases.",1,0,7.61.0 build 21 34941,2022-03-27 08:05:52,,
gp:AOqpTOEfS15FUV2bPp-_5GnY2l-1_t-20EL9pkRKdf3wcnYUdc0CYFkryWE0v64P-bPQ7TQlZfuKjWiR85LaSlo,Teboho Moenti,https://play-lh.googleusercontent.com/a/AATXAJwu52K2rW7-Kv0ruJFyKUACoxnVUGQie03CqRc=mo,üíØüíØ‚ù§,4,0,,2022-03-27 08:04:49,,
gp:AOqpTOEnE8ZWxgZqq4IFI1ynwyLJPFVjiv1_8nB1Q8bsaRGvSLGgZS391zgMu6ZnAS0nC1oNN04gumTLpqvkkUE,Tom Imasa,https://play-lh.googleusercontent.com/a-/AOh14GjjiR7nHNPIveQ5Z-bEMXUsAzp0oKSg24aoAgN7ug,Nothing really good here,1,1,4.16.3 build 15172,2022-03-27 08:03:49,,
gp:AOqpTOEXSYhCo-rrhz9HNPP8UMSsaDPu3WdNlq0kyRxfI-iCX2ybfN6TS0OQV6bSiQNdo8s9NoNXOdrLMo0plcw,Eloise Steenkamp,https://play-lh.googleusercontent.com/a/AATXAJzKzIVSueuXLv_Q_93PEuNAB0m7SXSMK5cZ8tZ5=mo,Sff ü§ü,5,0,8.22.1 build 22 40193,2022-03-27 07:54:24,,
gp:AOqpTOEq5-Wy3JKeAU43aydw-CZjQ6RFPznnjWonFIRWttUTEXBVB4nHXlzYJ6D4GCgT7M4cP8XnU66frcdTaLY,MSF,https://play-lh.googleusercontent.com/a-/AOh14Gg_kiEh0QoXWhDL7BaqUsFnOEqzbGGf9ibeHct-jA,Cant download on mobile data. Which makes no sense these days,1,0,,2022-03-27 07:51:50,,
gp:AOqpTOH7Sc-QBsxnohBTJrpLRK6Dcv2t7Si3vA83x1Te7O9IgD6i93Wm_hE0EwSSjwyYhzzZQfm6u6OEQuLA_uo,Viswanadh Rana,https://play-lh.googleusercontent.com/a-/AOh14GjwZYArVR3mTGTt_JjSOxBxdN35SzMVS_XPBhqY_Qk,Hooo,4,0,8.4.0 build 12 40035,2022-03-27 07:39:24,,
gp:AOqpTOHrzchiwiVw1qM-TH5w5WpG6J0XcIa8ma3k9LUPKPkwFzWR_k5Suu5fCF77dxbKfxFj7xAudHV_ZRJr1CI,Jon,https://play-lh.googleusercontent.com/a/AATXAJyOuRs4dHzr4WiB3rMLkG8IUsiKBtRBxj_d2S-2=mo,"Forced to use your trash ap all of the sudden, won't allow browser watching anymore. Go fk urself Netflix. Won't be resubbing again. This and price hike. Good way to lose your fans. Idiots...",1,0,8.22.1 build 22 40193,2022-03-27 07:29:55,,
gp:AOqpTOEWs352gZcP-R1z-SsePPjveeFDny6dQqT-GCceIolKPAUP5yaBkI1YeOMtUjTX2onSuSoU65mUirwjcsE,sandeep singh,https://play-lh.googleusercontent.com/a/AATXAJwi_B3hXgNK08X2IqbV6P0izUbW5cjf9SsmN1Sh=mo,Oo,2,0,,2022-03-27 07:04:42,,
gp:AOqpTOEQpxNwYBwnPX712-ZKsPCB5eS74ajiODNoMtBjURioRjpIYdvtI2h5u673FuaXBEHqifnAC5e34g2RotE,Ashique G,https://play-lh.googleusercontent.com/a-/AOh14Gg0Zoqm99u2CG-m4PwzbYhaZ6agvXMpxXO1CBYrfQ,Worst app i ever seen in my life,1,0,8.19.0 build 4 40164,2022-03-27 06:56:08,,
gp:AOqpTOFpLl1-ZlDS4QOk1zG6WYm79hx1XVokrK7giIDiC_sfQeKse8_PhohvT73qo4cmxoJ3KN83qTUhGIHsJls,Andeep Tiwari,https://play-lh.googleusercontent.com/a-/AOh14GjQC_frE883izyWc9GKvDvdKZCZPmzelTnmd1Lo,Netflix,4,0,8.22.1 build 22 40193,2022-03-27 06:50:33,,
gp:AOqpTOHUtSE2v3u7PjBzD347gomclEyfBub5PDh1jjIoy6R4ZDj6yq2VosqHloSz1q-v7jv7WK6a_xkF1549CVg,Jerwin Villarojo,https://play-lh.googleusercontent.com/a/AATXAJyQJBCMJlGA7AcuZWdF43A8B2H29QiEN5ftHmIE=mo,This app Can't find my Google account,1,0,8.22.1 build 22 40193,2022-03-27 06:49:20,,
gp:AOqpTOHGDVIfmoPC1xh5hHOYHL9If5Ac5X5SI-2rAk0PQU4E_pBubtz7jtnaT067A9SLxoSH4kkL8eCOK03gvD4,Arya S 5A,https://play-lh.googleusercontent.com/a-/AOh14GhO3HrVFtaxNpVo4aJADka_4Uj0OyIw7rWeI1hjGA,Pooooooooooop! This is disgusting,5,0,8.16.0 build 6 40141,2022-03-27 06:43:57,,
gp:AOqpTOGFlu8ev-C4VrdgAHYPqkD1wqNv0Pysn64FDPvAmZSKIxtOQ1Vz6vnurzPuLwNul6AQEFoT91MZjEGnxkw,Nabeel Khan,https://play-lh.googleusercontent.com/a/AATXAJxYql4AYaC9BWSxrKc1MZgdcW6AHnKoa_KVeLqM=mo,Lots of movies to watch,5,0,8.22.1 build 22 40193,2022-03-27 06:38:23,,
gp:AOqpTOHsUm9Zt_uP9WmHWey8LwC_HyVPM5uoBIuPWHuFH2vZxyWKxMu1YOhsHh4jz7jjyMuwR0KPLSnqzK6JF68,padmini panigrahi,https://play-lh.googleusercontent.com/a-/AOh14GhS5Z4_vODadfBcavaGPaQuISnvCliWG1zzH5l9,Not able to sign in after password reset.it is showing to one of the account but not routing to the home page even after selecting one.,3,0,7.120.2 build 14 35591,2022-03-27 06:35:12,,
gp:AOqpTOElZa_Zorc1wy0EA9zhxINV6yFL8JxCAqLjKCdD3bEkbrrAqX0ce5EWmBVKYen531eLBMqPmlXwJnjxAlo,James Lamb,https://play-lh.googleusercontent.com/a/AATXAJxJbSqFHOMNLObDeN4dYx70ARX2Gfh52O8GgbHg=mo,The app (Android) refuses to recognise my L1 Widevine DRM and thinks I have L3. This means the app will only stream in SD.,1,0,8.22.1 build 22 40193,2022-03-27 06:32:19,,
gp:AOqpTOFZuVjVRScyDBb08PNrUGNi6XG1lVF_k30k4YfgIm7HB0Jghb2AWjqBFSTUxQNTjCFVMPhhGEi0vLX5DEA,Daniel Martinez,https://play-lh.googleusercontent.com/a-/AOh14Giw6fKijSAT7NKZeywWqVY0TAx81H59ibFeYDnv4g,Greedy!,1,0,,2022-03-27 05:59:42,,
gp:AOqpTOERtpuBrYdwf6FnFdHVey4JkifDSGiusLo6OScG_50jhAcpcUqXEyJ-7BFDoifTUcNG564RN1gyu3b5MGQ,Nasir Ail,https://play-lh.googleusercontent.com/a-/AOh14Gi67tm5bMoR9XK-qqqW5iVU8ocn2h1fK3xYm5cL9A,Google,5,0,8.22.1 build 22 40193,2022-03-27 05:53:12,,
gp:AOqpTOG2nZFBCXlI8wk1DmqW4KMt1i3WPrwM9vJtAQthWPD3dTe_3rVAV8nBOWLX69lsXHB57I_JWBDerzwrscE,TONY ZAPATA,https://play-lh.googleusercontent.com/a-/AOh14Gi64ONgXA9sHWpH4Mg1zOV4JYFSItn67sRA_ZANK3E,"""I LUV MY ""NETFLIX"" ON MY MOBILE, I LUV WATCHING MY ""OFFICIAL CARTEL MOVIE'z"": ""El SENOR DE LOS CIELOZ""/""SENORA ACERO LA COYOTE"", ON MY MOBILE!!! üòª‚ù§Ô∏èüêïüç∑üì≤ü¶ÄüíàüåÜüè†üê∞üôèüíØüì≤üß¢‚ôãüë©‚ÄçüîßüåÖ‚ôÄÔ∏è‚ôÄÔ∏è‚ôãüôÄüîúüöÉüêà‚öæüé∂üì¥‚òïüßø‚òïüêæüêæüôÄü¶äüöÅ",5,4,8.22.1 build 22 40193,2022-03-27 05:48:39,,
gp:AOqpTOF0q1AjJl5pOZgVirk2T8Pr8iLZFQJxeIBi0iYViCxai9UkU4MnZg6WS86_U7EDpqONh81UrXEWTp95rWk,Felycar Aquino Rosendo,https://play-lh.googleusercontent.com/a/AATXAJySHUzAH8ugk2c_C3g0Mrymo4JfpF7bzP2mx3Gs=mo,"W w W w w ww w w ss w QmqaiRAx ````` Wwowwwwwoww FC W , .,s to Di ),",3,0,8.22.1 build 22 40193,2022-03-27 05:45:00,,
gp:AOqpTOHL1ehzuUgv95l4fUKsYpu4LEl-ncntaEj3Xum7iGnBao1i8IDjE34p5US5vSBdeCn6Nmo9zCruEILrDg0,Venkat Relangi,https://play-lh.googleusercontent.com/a-/AOh14GjlHkje3cGYzch0JNx1JIeJFnVCDaFdC7zvpWAyqg,"After the latest update, it is stuck on the netflix logo and not opening Try to fix it",2,0,8.22.1 build 22 40193,2022-03-27 05:39:22,,
gp:AOqpTOFMIo7gBAtNGneADkL9jMUwxp1wYOVjlauc4VeYhk8toK-5MuzQMKjxtdn9YmS0QZs1xIS9jcEf3LSp4_o,Unbolted,https://play-lh.googleusercontent.com/a-/AOh14GgEZD05gJBFpn0D9wMVvnQVqP4KbB2NXE-8NRrnOg,"Netflix is an easy to use streaming service with a large library of shows and movies that are high quality! Unfortunately, Netflix seems to have shifted over from shows and classics that are well known, to ""original"" content, which is content exclusively available to Netflix, and it's such a shame, it's lead to them raising their prices to $20, while that may not seem like much, competitors have done it to $6.49, with larger variety of shows. Be prepared because they will raise their price again",3,0,,2022-03-27 05:33:52,,
gp:AOqpTOEj9kzQG4knPwdsmxfCx2semVi2slDkNgYpUGm1hTpwRYOKQ3jyf-W7TgNAkKYLOd-Od814UhMdvVo7W4U,Omey Kale,https://play-lh.googleusercontent.com/a-/AOh14GiNx2tYzG7V9ml1qU28MQ58xtLrHsS83kIfmmktwiU,U are deleting my comment why,1,0,8.22.1 build 22 40193,2022-03-27 05:31:10,,
gp:AOqpTOH_xJOqiC1a-H_9dKf4W7vt0MPFp7lzXHZlohYSg-j__wwG6GkDN6CvZs1aXa7lWPdGvjWAED6ET4TpBZI,Lourence Kinyua,https://play-lh.googleusercontent.com/a/AATXAJwfoIOJ3qIdWN8eCf1jRLp1rZxb5wfwRO8L9qcB=mo,Loading on data takes time than in WIFI,4,0,8.3.0 build 11 40027,2022-03-27 05:29:21,,
gp:AOqpTOEy88Y02guZJZRTiN1ZdIsdEzuHG-Re4akW1iliMo6eMcyfp4fV_vzxBrwQ1XpXUzZrHu4oMaI16QKCIs8,Eli Zabeth,https://play-lh.googleusercontent.com/a-/AOh14GgRw-Xkb0a9Yabz8Gp8FXiMuFNDx4SaAsWuxl7YMQ,üëç,5,0,,2022-03-27 05:10:06,,
gp:AOqpTOE9hK3p9yhon0mIJqJIa3YkYWFflPLiiN07iNLQU_OO8Cxd3N3mWx842_FHIvq27XLYZ_1O14QaYtoQRKA,vssnmurthy venneti,https://play-lh.googleusercontent.com/a-/AOh14GiysZRtMeIxfNb5MgSuNkmSPnClSHQHUhyHglvtKg,Noice,5,0,8.22.0 build 17 40190,2022-03-27 05:08:54,,
gp:AOqpTOG6GrWMzVdzh1PF9kK2x-2WtSluJcoDC97cDozN5pwntU5IbiZkucsfd1d6fLoAQaIMn7KcT_OOGrGfGOQ,Bereton-aye Ugboko,https://play-lh.googleusercontent.com/a-/AOh14Gic1w6yrIMZmM6MeVystuSDaflM-_S5c6dg5T0xpw,Me likey ü§©ü§©,5,0,8.22.1 build 22 40193,2022-03-27 04:59:05,,
gp:AOqpTOFWsMK-tAk4-rTEJBApA8IWdzxB-yvk9itOB8qPKR7BtZduJqNKfFa63EzPnpJBdA7iSR_-mBpL8Mg55S0,TANYA MEHTA,https://play-lh.googleusercontent.com/a/AATXAJyqhpctPmsM8JuVXz8xJHtY2L15APh2GTqMbc8n=mo,The app is not working it is stuck on the Netflix only and it's been the same for 3 days do something about it,1,0,8.22.1 build 22 40193,2022-03-27 04:59:04,,
gp:AOqpTOGWaJskWBCU2a5X3bcx2xm2Yy-VEigGplIrduywemf3loBM4toTzU4ajGxiOnJ4kw0nmeZFVTaPZXOK6q0,Jane Njeri,https://play-lh.googleusercontent.com/a-/AOh14GjqLqAoPhKd7jBpLQht9wDXtE2nqLgBSy33tK_LcVQ,"My Netflix is not sigh in,what could the problem? Kindly advise",5,0,7.120.2 build 14 35591,2022-03-27 04:54:41,,
gp:AOqpTOHbEVMLeSxydpslakovqjjzTjjo1GGu7fOtjjRfNsevVXu7aIX_TnBPMIACz20K8FWCyvBwHb2vS2Sue5Q,Tushar Pisal,https://play-lh.googleusercontent.com/a-/AOh14Gj-35NNDLDGYkSWfa5NrrmVU-KymC6BZokZ7KA6og,OP,5,0,,2022-03-27 04:49:30,,
gp:AOqpTOHvKlpTog0MWQhqIZ0derU_iPH5mmtm_-9u_oJTUx9IAPfUiD_vcoALF9Q34t-jEBcx325MRYfJEl-Sr_A,niveditha,https://play-lh.googleusercontent.com/a-/AOh14GhOecWH8OPnd5JBagaQ-mykEZcNsPMuFquvWyor-Q,Stuck on home screen,1,0,8.19.0 build 4 40164,2022-03-27 04:44:36,,
gp:AOqpTOE7yiUazIXMV8ZlCbsDfTtZfXba2Wwq45tMOLnZiZpMipdWHdcmLvt-mGBerJNTLP6_BTNFTmCXPUj3VtU,Shital Patil,https://play-lh.googleusercontent.com/a-/AOh14GglIxmTLSbWCWmw7VxlNEwSUWPMD1qjo7lTATnLLg,Picture quality is ‡§¨‡•á‡§∏‡•ç‡§ü,5,0,8.22.1 build 22 40193,2022-03-27 04:38:14,,
gp:AOqpTOH8jG07HzujCXW-Gr6CfLZbcEdb6m20b2ek8ydoCJr0dw4rhmhqqKrnxx3V3w24d0xrTLRa4hEKFDym-Bg,Jhena Farinas,https://play-lh.googleusercontent.com/a/AATXAJyG1bzlSeseOs8Je7tOdXpqqh01M7UuFBkgMZDN=mo,Why is so many questions,1,0,8.22.1 build 22 40193,2022-03-27 04:32:28,,
gp:AOqpTOFDaPC3f8ssK5GRy0sauGiPx8Afx8J0l584gw77fuHzAsr7vhlU7JEMEtJhuxb-3i_61sXQFfWUUdhk9gU,Ibrahim Shahid,https://play-lh.googleusercontent.com/a/AATXAJyZEHN3CzDNznfrWLknOqplqLdTAfasZ8Mb5W2z=mo,The app is good.but now i can't open the app because it shows an error plz fix this problem,4,0,,2022-03-27 04:31:39,,
gp:AOqpTOE05jBy2EvmhgoewiWEIyt28rDO7jKb-8Vp_94ZysrP_2QlAty-FSTPjawHbmU2r-MJLOA7zJlQ3Ijpffo,Christian,https://play-lh.googleusercontent.com/a-/AOh14GhZhvpZ056XMiBhAh4KeGCeB92j20kiOh2NeUTi3g,SHOPEE PAY METODE PLEASEEEES,3,0,8.22.1 build 22 40193,2022-03-27 04:23:58,,
gp:AOqpTOGo3jV09ewzhuYEquiivI-l7FkYi3-CWbwF0l6aL2CWEqXbjjW2NKSKkwZ5GYx0GZRAjrhfgPAWfx4awG0,Shabbir Khan,https://play-lh.googleusercontent.com/a-/AOh14Gj_Ql3o-Y06hYFHBYMnD2XKXnOqsjCZmymjWIvyUA,Supper,5,0,8.22.1 build 22 40193,2022-03-27 04:20:37,,
gp:AOqpTOHewNSXkS5FWhN3wE7w7MP6lIj011SgK7ad-tIMb6ymSd9Vz0wSMb1uybZjiaDQtl8Wa5DwLeXyjxD2crI,Khaja Qureshi,https://play-lh.googleusercontent.com/a/AATXAJwQCG65AwJXYmhoIXGTk4n9L_OzCc0-N09kYQSS=mo,Supeeb,5,0,8.22.1 build 22 40193,2022-03-27 04:18:13,,
gp:AOqpTOG8wv-xqfGMTZQqVR321Pu_tkg9Is26kyZh51x4EXr6xBssJ9dixg9OF53vV97tsw0bXeb_fRSbEZWnyJU,Dr. Manjeet Choudhary Boora,https://play-lh.googleusercontent.com/a-/AOh14GiQTIkH4M2fphN_RFCSWGR0TIFg1k1PRVQABcec,Op movies,5,0,,2022-03-27 04:10:39,,
gp:AOqpTOHAUTMh1VAmvN6t9dDG0nUb65ySIjohiHbreHFvdtJflSAKlqCJGbV4I8ubXKGxJjk5Iuw_oLldtcsOftc,Versha Verma,https://play-lh.googleusercontent.com/a-/AOh14Gg8xAc8-nU1DAmzOWWs98Y46TyI6XtdMIn19vlO,My netflix screen keep minimize it self automatically whenever im watching something,4,0,8.22.1 build 22 40193,2022-03-27 04:05:13,,
gp:AOqpTOHUo8fuR4jYrXvSf1d4NVhUYZslrxl1kKVMg82JLff2lqjrlz8-XB8HzMRdf_HsByLMU4VhkDCvnpmE388,Rakesh Khatua,https://play-lh.googleusercontent.com/a-/AOh14GjGEDms36H7l3nITzt6jDkZvT5f-IdCnL1lSSIaog,Netflix not opening on my OnePlus 7 and don't sleep in your office before fix the bugs.,1,0,8.22.1 build 22 40193,2022-03-27 03:51:35,,
gp:AOqpTOEEjgWmHXIGmbtyFm9VYV-wYNIbGtH1WTfRvdXmko4GY-Rrh3M-6xVI65civgtuQO38CSnfs3vpa5ihsOI,Phillipa Strudwick,https://play-lh.googleusercontent.com/a-/AOh14GjRbacXAegovtU_aKaaIj79OmXkQbtfcm5q53n-jA,"I can't get Netflix on my other phone, which is this one I'm using now that is my wife's, but I use it as well, and I used to be able to use it! Am VERY disappointed. Why has it stopped as it is only me using it. Kerry",1,0,8.22.1 build 22 40193,2022-03-27 03:42:24,,
gp:AOqpTOFABYS_LmfquDBqUFVaq5epPWH26U0eF0Vb6U36HSPfhkQFBCiNlJh_v9OhtRif14PJVVa1lqNJc6qMkKA,Rohit Chahal Jaat,https://play-lh.googleusercontent.com/a-/AOh14GhdTU5EVFNkhfi0KJUoYiwanifiR-poD7NlTjcs,full time pass,4,0,8.22.1 build 22 40193,2022-03-27 03:38:05,,
gp:AOqpTOFtsTsxuc0TL3ccBGJkzLGlSsevMOnV9olRWMMqwSSdW9T2_Jobc851_xZfE0CJRha9GRvdGUIlfKBsS8o,Grab your gear,https://play-lh.googleusercontent.com/a-/AOh14Gi1O9ODSo3UHjDRyePZHXQUU1L4tNbRSgOziHC1Ag,"Only creates Anti-Hindu Content, Only fake Woke people and libral watch this shity App.",1,0,8.20.0 build 12 40171,2022-03-27 03:26:15,,
gp:AOqpTOHuIl21GktxenJ39t-1e5mM1g8eq3XSZV1CdOLwHBY9jlAwDI2tlBcG-OslRu-WF7_0qy3gpzP12tMNRP8,Immortalis,https://play-lh.googleusercontent.com/a-/AOh14Gic0LR8OpCjgchJaCHhlOqMsp8xS4w1x97F3MA5,Every single time I try to log in to the app it pops up saying I have to log in through Google and then promptly crashes. I've tried at least a dozen times to get this app to work and it won't. And I can't watch anything on the website because it's app or bust for some dumb reason.,1,0,7.120.2 build 14 35591,2022-03-27 03:16:22,,
gp:AOqpTOH2WEQtR018kWDOducYq_qTFHxXGT2dGgUm4ogmAY4cFkUUO0YzvMIIhUroCYUG9VrjRKtyn_t25akzBJs,Gustavo Thuram,https://play-lh.googleusercontent.com/a-/AOh14Ghp-RDJHm4NAFET5XrEYKuw-W9NmHprEgYuESrV,"My phone is a galaxy note 10 lite and his screen is full HD, but in Netflix my resolutions is sd or 720p, bad for you Netflix, Amazon is 1080p HD",1,0,8.22.1 build 22 40193,2022-03-27 03:05:37,,
gp:AOqpTOE-iLzs91omcSV7LDVthBVmV626tXZJU_b3iIn-BU0mhCgqqgX87uQAWydGx-to2tXmayXtE4i8OrTr6UY,Ashley Elizabeth,https://play-lh.googleusercontent.com/a-/AOh14GhxfH1r0w3ottpCyoY2mc7xSjH-vwWak3nuULUm02s,App doesn't open,1,0,8.22.1 build 22 40193,2022-03-27 02:58:27,,
gp:AOqpTOE5nniEMZL8Atm6-2nlZhboMqIkWd509TRsql4AnzPWmz0KCWrBDIiQS7iYQ0jcBQWx11-gJAL-C5YtmB0,Nikhil Daga,https://play-lh.googleusercontent.com/a/AATXAJxkXoPY_qqEjXq2riF4Rvf4CPAR2jdL9hzimlfv=mo,Waste of time,1,0,7.62.0 build 22 34954,2022-03-27 02:57:49,,
gp:AOqpTOGjdR6FgpXvPJ4kIWdXbnod6eFUQ1m6GPnNmhrP8rex3CU8zdqQ7pUN2z71-LeuisYz7CGYExJ4fHgp8vo,ARY 2.0,https://play-lh.googleusercontent.com/a-/AOh14GiHoJ8I80r8zJ4S_Tb6uOTgrJ0S0I2G0Ufdl340,üíìüíî,5,0,8.9.1 build 14 40080,2022-03-27 02:53:08,,
gp:AOqpTOGbuufTXNTUjDAXcz_pQVaCaPPhgUVKT6nKT5YIfGrFN66gUKheFTqeg2zbmgw4NRJgaM2oSqdofLq_K3w,Seeba Khan,https://play-lh.googleusercontent.com/a/AATXAJz-FqO9zhpwVjguHlBcRgUnD3IwZiJlY-cMfbw_=mo,Wwe,5,0,,2022-03-27 02:49:49,,
gp:AOqpTOFb7oGmy522APh0RN94chJ3OdHTgnz2eXhlBBfVnALMFDInrooilSsKPOWsQau_uXHG01Jjnisn6bA84JM,Disha Pancholi,https://play-lh.googleusercontent.com/a/AATXAJxOJF5FtqG1vki4QwJ_mo_PsKgw5y-tUFVW79-H=mo,App crashes badly,1,0,8.22.1 build 22 40193,2022-03-27 02:48:45,,
gp:AOqpTOGXqC31flnPIRvhokU0RPbWygjQxLPvB9GwZCTRZEmSXrbTl3bE-doiiNedXrZ9uPRhwCZzMiiGZoXmrRM,Arijit Maity,https://play-lh.googleusercontent.com/a-/AOh14GiU659ujI1030agAR_JdC4CQEXkCQcDpsUQbGhAxg,"For last few weeks, whenever i play something the screen goes to full brightness and there is no way to reduce it. Is it a bug or an intended feature? Cause it is really annoying especially at night!",1,0,8.22.1 build 22 40193,2022-03-27 02:22:17,,
gp:AOqpTOFk9A8EjY6jWYVwgCboxF1Kf0uYS4xFzD0HoCeDgJz3UsAXdsMzDOUai-U2P19-Tar_AqjClc04kf2wfF0,SHIELD FF,https://play-lh.googleusercontent.com/a-/AOh14GjU3kQ56XEcKy7e3bTJf9LQzGqw0RxfGzKjUe_QKA,Is goood,5,0,7.107.0 build 5 35497,2022-03-27 02:16:26,,
gp:AOqpTOE1Gx9Y3uOCX9wtE-GIb-XUyX4uZFJb-5rPOWKfmEqfhrvaXMvyZjhzMbGCTABbxzdzt5q95qfBmGmAhB8,Pavanraj MD,https://play-lh.googleusercontent.com/a-/AOh14Gi2Wk2BnGjwLSxs9zQYozDzNV_oj0RB8ewbBdV5og,üòÅüòâ,5,0,8.22.1 build 22 40193,2022-03-27 02:07:12,,
gp:AOqpTOFIVJiBQ5JdhVsUnK5X-dR2k7QJKLqnIESpLa9AqduwF8cmc6Ljt7wUKexg5w2ucdsHfsYW_9nIxgZSr7k,Kaylee's Adventure,https://play-lh.googleusercontent.com/a-/AOh14GgXSgtSmIL4p3Wd3hwu0qQz6oYVtYpuAv6n0385bT8,5 stars because I can watch movies and series,5,0,8.22.1 build 22 40193,2022-03-27 02:06:55,,
gp:AOqpTOHMaWpqkz4ytxqNWQ_v26RWmR2lbMNQ6uqEW4xaW4uoIzZnQV06seFxPM2aZu0XRXO7iaoNV1zCoRLwohk,Choene Duba,https://play-lh.googleusercontent.com/a/AATXAJyeU5eFnIJiTermpzxdzs-G-_C31j3AzN357TNH=mo,Nothing but I just like it and horror Movies,5,0,,2022-03-27 01:58:23,,
gp:AOqpTOEC9i4IdLAgmG0hWlVdn5vZUhm7m7ZgcdfcnYJc24bNZxic_pFc6yijUAQaOLwuyAwY5SB6JsR_dQXG5Y4,Anjeanet Romagos,https://play-lh.googleusercontent.com/a-/AOh14GjnoUWxhEgfgdpQd0uiNC18_c2NFlc_S4DYB5eK,More movie,5,0,,2022-03-27 01:57:55,,
gp:AOqpTOFvenHTalJg-w0EgwbX4MGQglHaiKUwGiDmcdT8HKvK9aUKXUMZoBMduaDULH7dRGRlQwBHa4yjOCyhAkY,Jeriah Lenor,https://play-lh.googleusercontent.com/a/AATXAJylj8lOidbpwty_v0UNAyiO3JgSQivPDOq-YYFo=mo,Very creamy,5,0,,2022-03-27 01:49:04,,
gp:AOqpTOHbOYF8pcdUppbPd5yUwgVPw0Sx-49WrAgqAL7FOSZPq6zxdjnNyuREgAgYDGTrjtWkJ4Y_H2iod3_1w54,Annisa Sekar Rengganis,https://play-lh.googleusercontent.com/a-/AOh14Gj_lIpEYs23NkJED2_OUPPsPMHs-sUgr--hnbDX,Why I cant update my payment method?,4,0,8.22.1 build 22 40193,2022-03-27 01:48:07,,
gp:AOqpTOGX51aXVL91_6Kx6wkQ7xCLAuwzROHsmQ_RUGPAoVMpYRG7mL9iygVcrRCJbH3Bt5ENa8tAeD75-aV8itA,Rusty Lee,https://play-lh.googleusercontent.com/a/AATXAJynWF34yym1_Tl0_mXVY9H79KUpdmAcJk278II8=mo,Too slow,2,0,8.18.1 build 6 40163,2022-03-27 01:45:23,,
gp:AOqpTOGatC5qnCyIdblQWx1hENWqTSGyAaHkK0NHQGaQXljQyFvUBDeulXOWCbGgBwgoAr13jolQGI6n9jaqw2I,Uminati Ramncwana,https://play-lh.googleusercontent.com/a/AATXAJz6oXhXny7vSWswAkE6U0aq3CqcqUyetk4Tp33k=mo,Bad,1,0,8.21.1 build 12 40185,2022-03-27 01:40:39,,
gp:AOqpTOFVBpV8p_2dBuOrQRj7m_LD9foU9ohyc-D3biwLh7aV9cqTlJ0HOYJjdrsBqYI1ez0tkOamRhPa0sRoyUY,Vi Nikki Ricanor,https://play-lh.googleusercontent.com/a-/AOh14GgtC2jC8ciZ1aF-p9I_lWvxJySA9L9xnz9eyEpktA,"I thought the subscription is valid for 1month suddenly today March 27,2022 has been expired I subscribe last March 6,2022. I thought on April 6,2022 will the expiration. (No issues for the movies) but the subscription is it. Sad.",2,0,8.22.1 build 22 40193,2022-03-27 01:34:58,,
gp:AOqpTOGSKSBGssx8bE5BMe1FLIn9s07LYEhm90ghR4shX-05dwyfhncNcGl9LL77A4xp16yn8Hhusm6YwhW-990,Dorji Dema,https://play-lh.googleusercontent.com/a/AATXAJytrc8zHIPTLlE1DiBucstA9wCAvEPTELxRAQme=mo,"555,‚Å∂5555",1,0,7.82.1 build 39 35208,2022-03-27 01:28:29,,
gp:AOqpTOHfpPqpVZshZhk4VAqz_61GdHMSg97lMzDUiIQ0NFsJifxPkHcXst7L_zSrvSr1Bc9DYtTe7LtWZuutJCA,Rashpal Kaur,https://play-lh.googleusercontent.com/a-/AOh14GgkBeoj_cR-8IjY5sAm_raLY5WxKwb5jHnDadmXx6c,I cant open my account ....its automatically sign oot..now i cnt open it..pz solve the problem,1,0,8.22.1 build 22 40193,2022-03-27 01:25:08,,
gp:AOqpTOHm2yyIZXxzWhxq4jRmkTfan1fCV8bINOoYpZIf0YURM8aXRFZa-PaFVKa0iXaDWsPCAWgM8vJ57Ne6M0Y,Praful Roogi,https://play-lh.googleusercontent.com/a-/AOh14GjMawKoWMsehvXdztsHpM9IXa338YXbN8YeObOiDA,"Junk, without even asking for it, they push it in to our phone",1,0,,2022-03-27 01:24:49,,
gp:AOqpTOH-SNLGs_acvWr3_4ZPkcMDGMLl3nxl_jJ4VQ5_rRgQwQmOIBtVIqhsWYKt-UVV8BO19uDMSAUI-5tizjo,Nick,https://play-lh.googleusercontent.com/a-/AOh14GhTBvBChDvjl3GBHkmoOCqAtmmnmpIFHadqSENx,This app becomes more unusable each time it updates. I can't filter any categories at all now,2,0,8.22.1 build 22 40193,2022-03-27 01:22:51,,
gp:AOqpTOF0hVCncHlM5F8Xp3lSLZtbPhHywlJjbFcVhq0PxTmOlSGkGXJJ8sqcNwQNqOxqO0FIHVc_QH-UYcyjP34,Altaf Hussain Hali,https://play-lh.googleusercontent.com/a-/AOh14GjD_h4xezmXLMxpIZwwKT_azeOo2cpw6F6f6MSzbA,9ce,4,0,8.11.1 build 12 40101,2022-03-27 01:18:37,,
gp:AOqpTOFwHluin00BSXWoG4Im1eqqkNAGi7tjQwjpTwdkP-BY0O-19agoQqPshlL0w6rWRcVkas83qCEmL5l2Lu4,Pioneer Overseas BtM,https://play-lh.googleusercontent.com/a-/AOh14GjkrRvv-EqRPt8UsWq7DGlMF6dKHZtduwfWztWP,ü§îü§î,5,0,,2022-03-27 01:16:22,,
gp:AOqpTOHiWy-Z_56096sxyYDWEq9v6rn8inVafqY_5tioC10dDm90EgGlfOv5XM6GjYb13vsjJJp9slrGduoFk88,Google User,https://play-lh.googleusercontent.com/a-/AOh14Gjk_f6dX8pME8P5fk2pH5Q3ZqYzl9IiEiNuzfDkRg,A really bad sound on my LG C1 TV PLEASE FIX IT.,1,0,8.22.1 build 22 40193,2022-03-27 00:54:24,,
gp:AOqpTOEERA0Z8ckOnnsxQGka7vMfpAbROD8G4E0WnO4wB4EGtDLobHwydD6FZjIX8dnkc52ZoYb1VyPHgaXXDiY,·é™ è·¥úÍú± ú,https://play-lh.googleusercontent.com/a-/AOh14GgX-6ZfoQ79T0UKGJPlsf2NmIqVHbWLlW-cWfyJbA,"I have login 2 email ID, how delete one email id",5,0,8.18.1 build 6 40163,2022-03-27 00:46:35,,
gp:AOqpTOHx4fI2hZEpNQWiMIYOHxcGNlEGkCHykr5OpZeaqyQ44a4wMtLlnZvZcf_k-ZQ-7pqL0cAI-wTD7tg0kjo,ERAwatBGM Official,https://play-lh.googleusercontent.com/a-/AOh14Gi1cgGTitw9qg7g9jhhdOQtySb-iI5_s49LZBDxKQ,Kitna paisa khayega ree,3,0,,2022-03-27 00:26:17,,
gp:AOqpTOGLQXNwOseliXQXLjIldW96MIj3W49nAQ2QzrNleMsLqAWxsVEhGwTKEl2et_ChHgEdIDsMSSt7qH2zv24,Shah Hussain,https://play-lh.googleusercontent.com/a/AATXAJyUGfVcxEVy60XWCDvCRl5QqMVvDcDa1tKEEzDQ=mo,shahhussain,5,0,8.21.1 build 12 40185,2022-03-27 00:25:10,,
gp:AOqpTOGmoozNDwAKYuFJzDN1he6eMJYmjXX2jOr2ZnAaclavdqhul2SM21FuXg1kffa2IVQhqF4eeGe92NN84VA,icyboi,https://play-lh.googleusercontent.com/a-/AOh14GhM6sg7_-NJ9TRDieL0uat5zqZaSC7b5_2uBNp3eQ,"Unfortunately I can't watch some anime with the japanese dub on my phone, pls fix this.",3,0,8.22.1 build 22 40193,2022-03-27 00:19:37,,
gp:AOqpTOG0rSv4LrBFRll935HPz3Z_wTWRxBfrGf6VCv7byYsxQA_pqgr3z6xpocmvNOgWZH6fXqzrDYtCV26Sy-c,Trish Graf,https://play-lh.googleusercontent.com/a-/AOh14Ggw_j3AdFFpSETNHL8mUuckdxuxQMbtHbF_NNcq,I will later,5,0,,2022-03-27 00:13:08,,
gp:AOqpTOFoZrJ3aGc19Z152ld2ghzGjxXHsuD3Q1xmJ8WbgMiCUYls5nxmv2DLRI5kJ6YSLKJTU9pkRd7WqEoxMX4,Alauddin Azad,https://play-lh.googleusercontent.com/a-/AOh14GhKExmCB49e6MQfYwyjwA6IJfyvVrI7fsMN2_952A,Nkcccccccccccccccct ‡ß¶.....cciccc..ccccx day iooiiiiiiiiii fft,5,0,8.9.1 build 14 40080,2022-03-27 00:09:01,,
gp:AOqpTOHByH2aD_hxGl4faaj99i3UWXPlToXBBtKtLDhgcmKNE2uIInb0V7pOl2mWA91K0eYiCnRwdajDyJCpAWw,Muhd Aidel,https://play-lh.googleusercontent.com/a-/AOh14GifAyEaq1BW11gQIJYmYNUEl10c26jr3y5rIVP2uw,make stone ocean weekly,1,0,,2022-03-27 00:01:02,,
gp:AOqpTOFqGXlABzBu32v2FCmyLsl9yDUsIEqZaKlsK2k_5eC5_vi1qD7MC_uZuDjj_hVTtzMDhvaApIJhG_Y8xf0,Rebika Laishram,https://play-lh.googleusercontent.com/a-/AOh14GhdefJvhzqyvGTdbK_jktGeo3iMAdJKFFQApJfM,First time I trying see Netflix,5,0,8.22.1 build 22 40193,2022-03-26 23:55:49,,
gp:AOqpTOGBVp8qanlINehlHFAelTTWLfz9Yvkreh_B71Bguin7B5mIhJxpsDYD_FJfbTM4IK4QnIxpINXwT-knApw,Jose A Licor,https://play-lh.googleusercontent.com/a/AATXAJwlJDKy5IpAEnen4FIZ64xaO0gkTjkIk3SGU4w7=mo,JAL,5,0,8.22.1 build 22 40193,2022-03-26 23:25:39,,
gp:AOqpTOFDXXWpryASFubJ1IxhUzmQPzbnVcEVC8MhMq4giS-6KKlkOdjS-5RNESM7tbUp6k3mhuK2UggZSMxmZ3E,Farman Ali,https://play-lh.googleusercontent.com/a/AATXAJyY0U0JE_Qh7Y1Ft3g1MmfuaGDgAUYVrcAAgInm=mo,‡§Ø‡§π ‡§π xxx be CV CV va v va,4,0,,2022-03-26 23:18:38,,
gp:AOqpTOHqOOJV6RgpPLYoNmj-NxfJ0CSQjZuI7QkqQ6JZokyJsBbPqBRSxGjrY2pLrC-8f56HP47-8GtAsVjes18,mustafa sari,https://play-lh.googleusercontent.com/a-/AOh14GiTTf_-Rn5dq9fGgTMzw5OGhQrwtZ6MsOJJpViaDQ,Doesn't work on OnePlus will switch to another stream provider,1,0,8.22.1 build 22 40193,2022-03-26 23:13:51,,
gp:AOqpTOHBpCKwbWSwyi_CLPpaeg4ej0z6y2EaxMhxhEajSa_wf43xKMoRw-DDUEle7GxJ5McOI-1qqUjE1q8xAjQ,Mz Wade32,https://play-lh.googleusercontent.com/a-/AOh14GirTQaCFI8N0uujdvuHrkqWvJbLk7Cmg86jaUfdDg,I'm just wondering how many of these reviews are from Netflix employees?,3,1,8.23.0 build 12 40200,2022-03-26 23:11:54,,
gp:AOqpTOEkodVN3QcRAr9hU_wWoLuJTFwIkns_qMeM2PchNTrgjE6fdt-kGyypWPXEBxbJl8bxn-Jkv3D_ygkdUw8,Nagoor Meeran.A,https://play-lh.googleusercontent.com/a-/AOh14GgG6vrA4XC5xWqoZEkgbZAcnOvxYpuOnCCALD2Z5Q,üçÇ,5,0,8.17.0 build 6 40147,2022-03-26 23:08:15,,
gp:AOqpTOET_uMkXUjloQDLcznbdKq-ka6wr1JFPq2mHEd_-oIHRtmJdiyYbeHxOiMGIlJ2fEjturzq9UsoAi56NtM,Tyisha Hurst,https://play-lh.googleusercontent.com/a-/AOh14GiHXKcTYwT3_DGO7lA-yS_gpIrFUY3vOvuJPog-t_g,I'm not sure,1,0,8.5.0 build 14 40044,2022-03-26 23:07:35,,
gp:AOqpTOG_czt7cynzqqKy4e3BqchNxW5JkZS-F8x5oS2QqdAMqGTvFQ6yxaZ9r8ANqACADtlNdAyERUYwA_UIW8Y,Dilip Sharma,https://play-lh.googleusercontent.com/a-/AOh14Gh2S1NUM6U6DFvejdGeErntnCge9THRPZljStCh,Cg,5,0,8.11.1 build 12 40101,2022-03-26 23:05:36,,
gp:AOqpTOEuXa52NMYmIaROVTELf86hQ-gs1qRSyLiIdTWCW5H-RWn1MPU3F_Vou4kG37ikw-pc_TVVgEUTS5NUY-g,Rebeccaandbrownie huskinson,https://play-lh.googleusercontent.com/a-/AOh14GjJIo66O1XxokAHWzu0_QsKD2QyBBC6NOxfHS6OyQ,Highh,5,0,8.22.1 build 22 40193,2022-03-26 22:56:42,,
gp:AOqpTOGNnIswLXt6RZgYr2yfl__lSmoQ_6ThHasxMEj50TrIIxNMNWBECIOWtaa6mBSncIXZKQfmLdjyy8qCp-I,Timothy Paxson,https://play-lh.googleusercontent.com/a/AATXAJzXfZFAftjoDYrBdZ7v58lwvnGID-T3AGir6t6k=mo,To hard to get signed up,3,0,8.22.1 build 22 40193,2022-03-26 22:51:30,,
gp:AOqpTOEhoOwNAxCTa43Ns0WMJPj_eV2eyRbRya73JR27_Lu7MNGRXsjYCErU6oiZvJ3dCcbjVOFJzufYDhZtg44,Anu Deva,https://play-lh.googleusercontent.com/a/AATXAJwO6vFcaZRoSiECJhohFuSPZpw5amNoRFPb9dj9=mo,5 55x5xdx cut f to e,3,0,,2022-03-26 22:32:41,,
gp:AOqpTOHB34nACOi99rIJxq2lLLfRnco7rEYeCz42M8_FxnMhw-SiGYF-9UCrgCUrO2M45n-C4rl65qDC_RR_oQ8,Susan Fydenkevez,https://play-lh.googleusercontent.com/a/AATXAJxrI-UufVgjQkh4MFYiGpXEewGh8lHZ63zRL9MM=mo,Needs more updates and new movies. Unsubsccribed due to this. I am not paying to see ONLY Netflix 2022/2021 movies only. No 2022 or 2021 theater movies at all.,3,0,8.22.1 build 22 40193,2022-03-26 22:19:13,,
gp:AOqpTOG-xL45QuGoB35VwX5FJ5cGTpqfFBFMLGaoTLb5MEBPVMSBVLvhIaRDsOy9oIzXWWbVfm8rqmoS10c3d90,Qadir Bas,https://play-lh.googleusercontent.com/a/AATXAJxPPu1HSxRkv2dXSnSAcPPjLNoGXk7vSfIbTUEN=mo,Qadirbas,1,0,,2022-03-26 22:12:51,,
gp:AOqpTOE1vIOqyv1PtuW1OcI_Je2QoHdTAJFxKFzCByhZNpvAcFLB23TB34GC-_auQNmjI0y6tIFoGb0Yen64kFk,From Birampur,https://play-lh.googleusercontent.com/a-/AOh14GgjcvBufp7Wb66m70TRNor967y2v_5n0FMitUE2,Netflix is not opening.,1,0,8.22.1 build 22 40193,2022-03-26 22:10:39,,
gp:AOqpTOFoFlJ_sSVHamh_pp3QBjvg2_nlAwKfuhthwezmdI1w0UEWky-WrXCO1-AN6ZaaUP0S5pGS8vUTnANU_YE,Schantel Wells,https://play-lh.googleusercontent.com/a/AATXAJz552top7H3E1DuWoC5dFHWVkuUdTW6x-quQr46=mo,ü§°,1,0,7.104.0 build 10 35473,2022-03-26 22:10:03,,
gp:AOqpTOFrzWqFTfNKHK7dOszemJCyvYHFHyJ2schyHTKk72gXiQiXHECgTQp_sGFqtoWzV41zlqxaerB9PT03KBE,Damion boyd,https://play-lh.googleusercontent.com/a/AATXAJy1RgO_LiO5AC1IVDZAFs_hXb20BCMxttyvtD3L=mo,"I ,ove netflix",5,0,8.21.1 build 12 40185,2022-03-26 21:36:26,,
gp:AOqpTOHcOY7e969WQbokxXE1dKtKT59BPdlqJ9_cK21zDbldxXtTvBoq0HpKv9o1nvslt_MXXLJ3oDf6HCNS5r4,Max :p,https://play-lh.googleusercontent.com/a-/AOh14Gh4b_R58NtgcKMoCuZ5q0iNmin1khIvc7Aj_kw5YA,to as long to canntfi8got g6457f6uo,5,0,8.13.0 build 10 40124,2022-03-26 21:36:25,,
gp:AOqpTOG14EUxUls4PX1DiyYs30wYRhplAQrSJibr6fOBPenfFHVaz2bubJ5HelIhYs-t7FYEs5SbJBLZMeZV1ak,June Leopold,https://play-lh.googleusercontent.com/a/AATXAJw42hskfJj3XPq6XBk-m0mKMGrVVbngS0a3zbE=mo,Can always find something.,5,0,8.22.1 build 22 40193,2022-03-26 21:33:08,,
gp:AOqpTOHp0Sdnl9Zr-xjzB1L2ICamKCAMuJzhpzjmrdOcBFBHXKaYX2q5OYJGunk3AtpY0DI35XNKCbxV61JcufU,lupe iniguez,https://play-lh.googleusercontent.com/a/AATXAJy3oicundLjR9c3MMVvoZqvEtYBJh3e7l7YWUqb=mo,I use it all the time but it lags when I'm at school and they let me use my phone,5,0,8.1.0 build 9 40014,2022-03-26 21:30:12,,
gp:AOqpTOE_cEFyFDn95ER1B_u6Bp2DkymJIlm1V2IOddcEGB17I6xkbIoBkqw-FGUSeyhEXZIhvnmivHYIBgyjOFY,Jubaydah Ahmed,https://play-lh.googleusercontent.com/a-/AOh14GgLtovI_Ox1z8-XCnWFGEXY0s7MNk4XpLIxGOpNMw,App is not working,1,0,8.22.1 build 22 40193,2022-03-26 21:26:42,,
gp:AOqpTOG_FLOmhZOsJG5HTPSJSnSaoYsQuwPKhZZnfpQZOK1ZJQu4Ln32iuSNrJiW-UlwLsYcqqR28yGzeQPlFMM,john Cahill,https://play-lh.googleusercontent.com/a/AATXAJxepmcv9ynCuEQYC96H36Cer2fuxgvp5GaQgAX7=mo,Poor,1,0,8.22.1 build 22 40193,2022-03-26 21:09:17,,
gp:AOqpTOGHnttqus1wKHaNinSXodUR1_TNJ-YwXyMhrvenPX3LcHVlp88DVixudLunJDwlvxSGrQcGtoLk0smlruA,Part time Llama,https://play-lh.googleusercontent.com/a-/AOh14Gi4c4DNYXeBOCq2NYLWfRqxL6m8Hfm9rwDjYJHY,Can't live without it,5,0,8.11.1 build 12 40101,2022-03-26 21:03:54,,
gp:AOqpTOGFoOo7FbgdQhwAkH-QfKcLDGx-ngtbGDbC5JMMbigNlJVEBxl9vmeWBa8hksFzvJU1ddXlt76Qdnt9Oz0,Ian T,https://play-lh.googleusercontent.com/a-/AOh14GjjwwPpc98FnV-Nsxzuf6hGVOjyncwL4VXxCsDAbg,One word: C u t i e s,1,0,7.91.0 build 9 35333,2022-03-26 20:54:32,,
gp:AOqpTOE80DLc9xmmjKWjveBsrmFoWM8Gc0hTxkwZVMb2Dk-Hhj4Ux4XRE_wFhfk80w6DXJV_YLkmkLdSDtYucpA,Sally Geisler,https://play-lh.googleusercontent.com/a-/AOh14Gg9TzgLF-IQrxBxl3aAgaerEuvFmmFUVV-yaNdLWUA,Latest update caused the app to stop working on my tablet.,1,0,8.22.1 build 22 40193,2022-03-26 20:39:19,,
gp:AOqpTOHakHce1c474mRYb02400Z910Iy0s76ywEzjSinIFegz-ZGwJX6f8kDqcG2HuOAJQivCAbyFGTdqVOjV1c,Ali usman,https://play-lh.googleusercontent.com/a/AATXAJxIxLqCwenjkiH2_GNUahADk0u9AO83a7GgaGNb=mo,"zzw zzzw,w,w,,ws,zeez,zw,z,,,wwww zww,, zzzw,, zzzww,,zzws,w, we,,w, zees,,w",5,0,,2022-03-26 20:19:56,,
gp:AOqpTOF3v-8YnVQK0yv07-eZNI6Ktpyy3OS1xBf0OnQaw3tCLuY77xsHzQpJSNShIw26OWdCO5K5SAebkDJRpAM,Lindokuhle Xolani Dlamini,https://play-lh.googleusercontent.com/a-/AOh14Gg_AvaEs17ulPsWKKjkGFX4sggeGB3T6Q8AEJZL7A,"App not working giving me -427 error , saying it couldn't reach Netflix saver",1,0,8.22.1 build 22 40193,2022-03-26 20:18:25,,
gp:AOqpTOEeRZ9ESxF60rMIIjF3snJUbRTfzYJZJ2ddfVLgdbBdVmVm_0Yr5KWOuCYop5BTwvAYITtoN2j5k24Yj48,Lucille Figueroa,https://play-lh.googleusercontent.com/a-/AOh14GjvHQM1LSYjCYXAb-FJMoOnluNFue0DsrBfwrupHQ,I cant access the app its only the logo showing. I tried to open on chrome browser but it an error (-187). I just got billed earlier.,1,0,8.22.1 build 22 40193,2022-03-26 19:57:08,,
gp:AOqpTOE0uJczDs26RUutAP3lcqJQnPbxEvDsZQnNkpbihjFLuhUEIx9xyN5P9fWRp61b59GX2c0dQLgtDW4Wp1g,Mark Alfonso,https://play-lh.googleusercontent.com/a-/AOh14GiEVd5KM-BU9OzKnAQFOWsgzb_yEBXC3tpl4y8FJw,As of now i can't download or install this app on my mobile phone,1,0,7.120.0 build 7 35589,2022-03-26 18:56:55,,
gp:AOqpTOGOo0ONIofd__rxQ-y7iFIxkCdeXBG7DNd-qouEntxj8RgS_cIyIqhjGYT2W7LdbfeO61YXfU_hUpKF45I,Carlos,https://play-lh.googleusercontent.com/a-/AOh14GghGt3Mz_X05EfFa2akLpaL3zGtfALeKslKcKXrLA,You ruined Jojo's,1,0,8.22.1 build 22 40193,2022-03-26 18:48:12,,
gp:AOqpTOHDle0NZLMW2Ve2Zq2h6qAgWkx87HOJEzlim95r2EG7Kj153tiJaA5FPfo36fJfNpfHL4KOdZS5Nc6QfyM,Kristenne Katte Lunjas,https://play-lh.googleusercontent.com/a-/AOh14GgHooxN3H69Odj7XoDTylJwV3f5WAbBLXv_tqq-610,subtitles are really ugly on mobile,3,0,8.20.0 build 12 40171,2022-03-26 18:40:15,,
gp:AOqpTOH-XySdK6NCeDT3U038vrJ4drAeJGuQxlauXAqUvLBNyL_NOPZoZk11XA3BcwZjLf6g05Lcf3zYIC0tMas,A Google user,https://play-lh.googleusercontent.com/EGemoI2NTXmTsBVtJqk8jxF9rh8ApRWfsIMQSt2uE4OcpQqbFu7f7NbTK05lx80nuSijCz7sc3a277R67g,3/26/22,5,0,8.22.1 build 22 40193,2022-03-26 18:31:33,,
gp:AOqpTOF6_wp2xSKczAjTo_fXhhF1kyV-HfEw-egFwUU2SMJeOBQJSjixPGkNU903AikYDksMw0GttSTOgad4-BE,Klashay Major,https://play-lh.googleusercontent.com/a/AATXAJzzhhhoMT9X-piNg4TMThPiWfnu61WHosZvn4FH=mo,Good$$$$.$$,5,0,7.120.2 build 14 35591,2022-03-26 18:24:14,,
gp:AOqpTOEFUYhoc9x-rxzlPJ0eBkcN-A7ZyqBYWbz2Yv8UWS3PT-ueBElNyD9nrULOTzC9yHqV3RvMeLs8cMOlahw,Carlos Campos,https://play-lh.googleusercontent.com/a/AATXAJwKmSz6HQBNfAjSLOTnXbFuhs0v3WwnOoXi_VJ-jg=mo,Excepcional,5,0,8.22.1 build 22 40193,2022-03-26 18:03:47,,
gp:AOqpTOGUmgNa37yvZuM642XzbgcMAr71srR2LS8K-SapZxBGNjxqLyx08mcW9OgK1dnv_ARXRb95ei7ZArI2TKo,dijan mistry,https://play-lh.googleusercontent.com/a/AATXAJwwYsyOfGO1Nl1v4De5dCpbh30qx8adBDFdySrq=mo,Stopped working or launching Android 7.1.1 note8 useless,4,1,8.23.0 build 12 40200,2022-03-26 18:01:30,,
gp:AOqpTOFei8lgcPl2_t5-TrXOZYPKhzkvJYiAqgvYuTUFCPs2s6IOwlK88QhmW1wuC60NVPN6giNlzrIHudwVhDs,Z A,https://play-lh.googleusercontent.com/a/AATXAJxd9Ml1rbW_64XsGT4W8tOPrYon2IvDKMTLV4VaXw=mo,App is not opening. Getting an error everytome. Tried uninstalling and downloaded it again but nothing works,1,0,8.22.1 build 22 40193,2022-03-26 17:59:05,,
gp:AOqpTOEz6N1ducWW3RRjeFWK_jOJD9JsXxqFd2HhYeFg2nCDkrY_SnVmpav9ymGx14NM_ycl18VVY9f5NKLyHKY,C K.,https://play-lh.googleusercontent.com/a-/AOh14GgZODYOsUrI_ve_kXDfQN2cGFkZWQl5TzUj2qF5N_0,"Won't even let me open app after last update. Click app, wait 5 seconds, it closes itself.",1,0,8.23.0 build 12 40200,2022-03-26 17:52:50,,
gp:AOqpTOFzw5XZktiwW5meF55PyT6ieorboeTUTK55MWHVlHsDkPF_0Sytit2zVBQLtNxLcZOLJ52BZeZmP-XtviU,Michael Kennedy,https://play-lh.googleusercontent.com/a/AATXAJxwWobqSwc6zf8FCxKV05W1yQWSS_HRBDQMUNf2=mo,It has all my favourite shows,5,0,8.22.1 build 22 40193,2022-03-26 17:43:42,,
gp:AOqpTOFbiEAFh__4AR8HKdjxROewQXMXNZMEawp4uBFbVRKkBHc6RT4xMFD402pSws5lDccBDdTFxt4Lgz2qIKg,Hami Ranelle,https://play-lh.googleusercontent.com/a/AATXAJxEXoq3nhzTZxfgDko0Lx9anuBjycCyX8EzqSYy=mo,Convinient.,5,0,,2022-03-26 17:39:21,,
gp:AOqpTOEvjOGTLW6b0IVm4W8-WMEliapA1CR-eo3vD9byaoHoyyZwEHxs3k8sQ48K1chEFIf999OCXtYgsHtoIYU,Irene Bulan,https://play-lh.googleusercontent.com/a-/AOh14GixTnzFs-090i5RjJkoIt-6WXJ--i60zie-yKLw,How can i use my netflix app if the beta program is full?,1,0,8.22.1 build 22 40193,2022-03-26 17:28:52,,
gp:AOqpTOFTvlaglNUjBbMcfrSkcCpUfrTRYbe_cHUwLvL47ReYqzEWe_ukkxZu9VKGSKSTWLS4n0lYtSMRmeX4444,Ari ca,https://play-lh.googleusercontent.com/a/AATXAJzpM_SWfZS_tLEyuNU9Eq03VuLOgiit-qeezoE0=mo,Keeps signing me off,1,0,8.22.1 build 22 40193,2022-03-26 16:39:40,,
gp:AOqpTOEhqBUJDZ2y7WvZhYk6jxJ702jO1lDv-OXr8H2zn6jEDxf0V4k2rUjGRD6Yju0AzqNLcKvP1A5WUNuOUVA,Nur Muhammad Swastika Ardhi,https://play-lh.googleusercontent.com/a-/AOh14Gjo3trFSp1rLFaUl8kx7sdBf6gYoNiRbewuq9z9KQ,"Video keep freezing but sounds still working, only in this app but not the from browser, this is so annoying pls fix it asap",2,0,8.22.1 build 22 40193,2022-03-26 16:31:51,,
gp:AOqpTOHGwOdsLTnSMxyITYnsJIx0CKfPovOA3Yl4K076eQ3UVtIps7iMv-c6EIPRDS17-Mz67QtIdcYexzhU3Wo,Toxic NCX,https://play-lh.googleusercontent.com/a-/AOh14GhvZTuZ1FMIzZEK2Y_F4URcLg1mB558bBrv7LqL7g,Turtles,5,0,4.16.3 build 15172,2022-03-26 16:28:06,,
gp:AOqpTOHetke2S-cAwbc3kkFW00h5Qasf4Gaj9zZJZJwT3TBDWjfQ0N1vQGtNZEV25OakVJwpTWZR5AF54pl80Zo,Joseph Hutalla,https://play-lh.googleusercontent.com/a/AATXAJwvhnOL2jWAx2vz8LqeiS4GCiz_4Wyu7jJP0Cq0=mo,Video stop while playing while the audio is still running,1,0,8.22.1 build 22 40193,2022-03-26 16:16:37,,
gp:AOqpTOEkjhrnBkNZ2-BjKyJnCxw7vOCOLEoqpWMVewht8F7w1ULkYl7cudFtdDbJbqb5zSXcsN0duQRPaCmMpy4,Amyah Mire,https://play-lh.googleusercontent.com/a/AATXAJzTFSNi0Q-iYGMOgk319SShwbB_eNtTUxr1dqU=mo,Poop,5,0,8.11.1 build 12 40101,2022-03-26 16:10:02,,
