reviewId,userName,userImage,content,score,thumbsUpCount,reviewCreatedVersion,at,replyContent,repliedAt
gp:AOqpTOG3CekAe7aurAulpLDAxV9tC7tdte-C4QfnR5i265mbKlcbrs_knrUJP0j7RNTTt9wMU0zolcyMEtYkjEY,Saturday day,https://play-lh.googleusercontent.com/a-/AOh14Ggzvl-MpmveHqIBazTBfomPc0K3awY2KMnBvbr65Q,Pokemon.,5,0,0.227.1,2022-02-06 16:49:08,,
gp:AOqpTOG_ZQFRyQjvaTfKOh57tTSCMnsv1GutgD8Ig2WSJ8zMejw3ceJcMibF-tJgv99O6kxEQAO1Olk6oeSsQak,Kyla Huffman,https://play-lh.googleusercontent.com/a-/AOh14GiurMCVIu54w0zSQELu0SFFv3dv9cL5k09eHbMK4Mk,My buddy will bring me gifts and they don't appear in my inventory!! üò≠,4,0,0.229.0,2022-02-06 16:43:36,,
gp:AOqpTOEO5YDO9TyV13CGxHYZN4EaRSTHfeIpwUMH9bG9Of8l0jHmDUdW5O_LlRFyv4UggG5u6mTU8kUIC6Dic-k,Max Clament,https://play-lh.googleusercontent.com/a-/AOh14GhugbUs5pkBSkt5Xsosp22hpD8xW7kL-aluTeGPGA,I don't like this game it boring. the only reason I keep it is because my mum makes me,1,1,0.227.1,2022-02-06 16:38:15,,
gp:AOqpTOEBKvmLE88-u4M3lpNaxJBpsWVtnxs65x7ECLjT_l9QqIKVpP-UE7zPYeTpmOWh4FDtXlzmQAA43ofvlWE,RZNFN YT,https://play-lh.googleusercontent.com/a-/AOh14GjqtZfeckJ4loF4cY2l6JO60YoanfIsi-adTT85FA,I'm black,5,0,0.223.1,2022-02-06 16:33:11,,
gp:AOqpTOH4fdNqucSheV8YKW3EHSOCGee61CVS2rQ1p7NBvf8tijEc5sgm1rkqfUwhk_EjYqIc_K8gaDDMEAa2fec,Zoey Burchi,https://play-lh.googleusercontent.com/a/AATXAJyAJi-lCls1v6cCHPPeDMgrsAFtEgI3UzMTACLm=mo,It is Riley fun,5,0,0.229.0,2022-02-06 16:28:14,,
gp:AOqpTOFOaRhU9xOvMSo-d1GwY4jzxBkU6PFdB1xweXUMixaCOnLdlFG7szJqbeFucO4tn8NGFy8Zr-ay3GPnZAQ,Keisha Strecker,https://play-lh.googleusercontent.com/a-/AOh14GgPNNcNOQ2TbRYZ3HCV0ajeGvki8YH5ampCt3dShQ,not working since most recent update and it sucks because it's making this family activity difficult to enjoy since it keeps freezing up 4/19/21: The app is working great but I think the VR services are not since it freeze frames when I open buddy.,5,0,0.229.0,2022-02-06 16:22:53,,
gp:AOqpTOEu94oRm8rR5OywVSvTtBEW7xmP5J0lrZy_nedhcuq-xdMhes_o57-7m_2FRORtMSIFhuiCeEObow85d8M,SoreyMikleo Zestira,https://play-lh.googleusercontent.com/a-/AOh14GiZJGQKzwdbSI7MjuY5IJ8KutHlFqRlUrrWVaLp,Love it,5,0,,2022-02-06 16:21:33,,
gp:AOqpTOF0xE4AM0d3nHZ3xLznPUeirS7PtdmXIJ5iYAV_3r0w30i412XngKtrBxGVLgUxgRL_qyj1GxRU8lnuf18,Brandi Moore,https://play-lh.googleusercontent.com/a/AATXAJz1yqDUTSamVSRX6RO8Uolt1DuGEXqr2yhnFpbQ=mo,"I used to love this game. I would walk my dogs and play it, But now it tells me I must update to continue when I tried to update it immediately closes the app. I have uninstalled and reinstalled nothing is working",1,0,0.227.0,2022-02-06 16:14:24,,
gp:AOqpTOHAZenLMnHoNUzZXkkH-24uCS9JurOiXbNmwrPz0-OhRqFWARSd8XDxG3TS6JFKhCi9VcMS7LGDNc9KlqA,Lana,https://play-lh.googleusercontent.com/a-/AOh14Gj7aoIka62YTN46V469uSnR5_RLyUy9qzmjZmHwow,WE WANT HAIRSTYLES!,3,0,0.189.0,2022-02-06 16:13:11,,
gp:AOqpTOHqFEiQhqN_qL8y3nJfb_G5e18Z3XRjbgbNsoiNXQPDkuvu1-MTBDbbF-v00fr6f2qHVntbbWxiksz38e0,Matt Sturge,https://play-lh.googleusercontent.com/a/AATXAJwzhEX61faFr4Hnje55P6c3KwjYCKA8OZdOxCyA=mo,Great,5,0,0.229.0,2022-02-06 15:58:01,,
gp:AOqpTOG3eVdqNK2F_RwIpLHSxiWrezcdH1R0gcefl0zpegipzDvNZd5vBK_ZfLoMieBIRe_9QKCRgINLTc1Wxq0,Corrin Jensen,https://play-lh.googleusercontent.com/a-/AOh14GiUKo0gRQjJe8yVM6mVh3onE1IeY-p-ZlKv0Y5TMg,I love this game and it's so fun to play with friends. I wish it didn't send so many notifications all the time especially ones just saying to adventure somewhere new. The notifications are a bit unnecessary and with covid people aren't going out as much and it's been annoying getting a notification to leave the house almost daily now. The game is very fun and cute and I'd definitely recommend,4,0,0.229.0,2022-02-06 15:57:44,,
gp:AOqpTOH1CouLs0kxXS9kPBo_W0XmeyLYgHgApOigR7It1A4H7FvfCCPbkGWt0oAYB8mQAqzW5QYmQQBcDB95y2w,Bobbi Grubb-A.,https://play-lh.googleusercontent.com/a/AATXAJweXHc7ZjbNt9GkdWxrpMuwquN9ycbX_zSKiMR7=mo,Dope as early words. Aha,5,0,0.229.0,2022-02-06 15:54:41,,
gp:AOqpTOGnVw0MBimYnFjgf3XddiE3ZOaOEnTcThrKnSgWTb3YBL7hqDSkcileGFNg1X98dGIVxTCqKUrB4GjgK6w,McKayla Oldham,https://play-lh.googleusercontent.com/a-/AOh14Gj5YQ_3432O9sui8PUsHYGaG52QZEiH8UZPm39WLQ,This is a good game for kids easy to play,5,0,,2022-02-06 15:53:09,,
gp:AOqpTOEmqTkv4VlSpVq1dJANF0-HuUkVHZpYTXm2fIpWBP1JJ-Tr0JVkj7vO5-5ShSRn5UODzswUWFUCyfO1_t0,Marcos Villegas,https://play-lh.googleusercontent.com/a-/AOh14GhFVRNGW9XOePxlUEkI2hiT_bV8_DKGXoqSqCID,Best app ever,5,0,0.223.1,2022-02-06 15:50:37,,
gp:AOqpTOH9uc5TdQIw-dJQYOzB7oQf6CFusXzHcV7E5pNp8TW47p3jQx7Wn0769MhBNVGR-7NOaEscNE6WHePt7m4,Robert Bombardier,https://play-lh.googleusercontent.com/a/AATXAJwP4cBb7XNNbiWpVI_1WlcxU0KMKboeZIBzWzkA=mo,I really like it,5,0,0.227.0,2022-02-06 15:48:53,,
gp:AOqpTOGBLXgF7noutgby2AaUNO3Hzo2yGXgNc_4K5_vrmAH8Cye1ecfhbA-45OcYJ20HBcxSYgU53xSd2oiyTUU,Logan Mills,https://play-lh.googleusercontent.com/a/AATXAJxcw-UURcE9Pk4dhozO8QhmKZyHoHkqzk9eQZDA=mo,I love it because it brings pokemon to life,5,0,0.227.1,2022-02-06 15:42:00,,
gp:AOqpTOHuCFiLFqi8sPN2vNXOxQt9CHe74UZ0YuqhUvCEHz2OfXuJOkgopReI5gz2EOrAGe7Tk-JmBWFiIAQCCp4,robert marcum,https://play-lh.googleusercontent.com/a/AATXAJwS7TpFMc5ybF9EcuXJL6VJKt-AeVtaAeRllmVU=mo,I loveeeree this game,5,0,0.229.0,2022-02-06 15:37:33,,
gp:AOqpTOEZuBXGw-aYWPHG-jW7Dz-4HJQ8Q_bLDt_QwmTHQkj_tbcSsPR2HyDT4Deo1Taqxkz2UTZzBrQaYuoPros,Felix Xavier,https://play-lh.googleusercontent.com/a-/AOh14Gh29m4WUfE1cRH0DX7xBFvSXrmDptNTizXfEMIC,Best game ever,5,0,0.229.0,2022-02-06 15:23:00,,
gp:AOqpTOHjsqeSK45PkGI__g-oTXu6qJEeYO49VqTP4VHrknnQxh-gOqYSnUJXmgEkpat87MKc1QtErVG00Tovg0M,Judy Phillips,https://play-lh.googleusercontent.com/a/AATXAJzaTbZxT9pzhChN5-dJE1H6-3yAbm_xyfHIq7My=mo,ü•∞ü•∞ü•∞ü•∞ü•∞ü•∞ü•∞üòçüòçüòçüòçüòç,5,0,0.229.0,2022-02-06 15:21:35,,
gp:AOqpTOHPJxnUAUe694XCuhuOboGDJM5EhIw1Ye3tGuusMhR55aiHJuvYfh2OBt9WBuCzb5Ia2A5zbllZDkh2cZc,Tania Porrad,https://play-lh.googleusercontent.com/a/AATXAJxyujWO46sb-QfoZ1X5CBe3jSNaeWQNr_zs3mJL=mo,So many updates but still the same processing issues... it would be nice to see who invites you to raids in the notifications.,3,0,0.229.0,2022-02-06 15:20:23,,
gp:AOqpTOGim_2iB6xxjy9C_6V8oIvuXfC9qvb5cGbtzkBVYg_9-BHuDAHI00mD-uGCJKMFVRTFd_oi1wel1lA4HLQ,Angela Luther,https://play-lh.googleusercontent.com/a-/AOh14GiCvhQ2UZMNOqFT2z18cP23oiXJsPgDDOcf1nZh,Good. A lot to learn,4,0,0.229.0,2022-02-06 15:00:23,,
gp:AOqpTOGL2gXV9YSuOEJoZPXYN3eGlhgteTyMy2t--MOdof-8I3cRFm6Yfxf6fCpVyiYEiqNWXTOHtuWfL_aCIQA,Leia Lawson,https://play-lh.googleusercontent.com/a/AATXAJyVT0npPwEdKgWWLsTvbByDThrkVjEQxIsYKUzb=mo,Fun but needs Internet,5,0,,2022-02-06 14:41:41,,
gp:AOqpTOEqVN8sf3pIF90OrYRJqp_0_diPNn4ez2c5fRnpNdewm0_UGZJuecH0KjwjsFYw9FqtN7h_FXkUrLj7YoY,Shannon Barrett,https://play-lh.googleusercontent.com/a/AATXAJxY_yfppzi2YJIcidy3cOzJfa_MPMFxRw_8fnFs=mo,I have to remove several apps that I use just to do a update,2,0,0.227.1,2022-02-06 14:39:22,,
gp:AOqpTOHsN5Znm_VS8zUKLUgQLTRmUC6Jlw2b3UsJXIuxiGD3S5Z7ZoVFwwMnxZHviAVe_iHqJ0dLYBdS8KranqI,Danton Gray,https://play-lh.googleusercontent.com/a/AATXAJxxYV6plF1TTHu9OxWtyrc8CLo3vqsM6F2CeanA=mo,Great game filled with excitement and joy it's. Realy easy to get hooked to this game,5,0,0.229.0,2022-02-06 14:33:10,,
gp:AOqpTOGH0tCyIPGXgj-VTpFirDu2QH3loqfW_9QHzMNJJr8-VsSTRipmEZOc15cB7yL-ZfcKAkyUOKQztszjSxc,Jade Jimenez,https://play-lh.googleusercontent.com/a/AATXAJzmz2osx7XEXepCpVVPP3r1kqtsRlwid_O7KKn2=mo,My childhood üí™,5,0,0.227.1,2022-02-06 14:32:35,,
gp:AOqpTOGWCG6O619PBd9vgRGg1rtFdslj-ykFsdvjU_amjEAWNQl6RFIxlc5EdCRbPqtaD-P7sNZiScGZZbTYeA0,Adonis Gonzalez,https://play-lh.googleusercontent.com/a/AATXAJzUBZ6250W63gFqeY9wk1W8GgK4ewtHj4z_JHOx=mo,I can't even sign it üò°,1,0,,2022-02-06 14:28:13,,
gp:AOqpTOE027I-W2ixrvb_opOru1dbqBLtfvBOkTI5J9fIggI0NiQlhdG4iKfpRCkoC0IorX_OiFeXXoNgYHlmhG4,Angel Parada,https://play-lh.googleusercontent.com/a/AATXAJzXUbkmOO3cih5xm-ZGxdBmZXeUwF6FjolXrZHS=mo,My childhood was to cach pokemone but is ot ralley good game.,4,0,0.229.0,2022-02-06 14:22:18,,
gp:AOqpTOF-y3KYZUzvvAoyx3aVW6TjDeTjrvODh57sinkZ9rufk9aVYkKPLv-l2Fc4-V9P0m1jL1zPuE3Q0llPHes,Olga almeida,https://play-lh.googleusercontent.com/a/AATXAJycKVT_w5nDmAtSPJwifS83fC3XyMImYQZVBihuH6M=mo,Far too many updates,1,0,0.227.1,2022-02-06 14:20:16,,
gp:AOqpTOGtDKL3YeqR1ukfJCRwL1vxzUNpXSwWTqdPRLtdIs__J2RK9alSedzTGs1z7awV-8O8B4dt9IJd1hOh1p0,Tyrone Siebert,https://play-lh.googleusercontent.com/a-/AOh14Gir0u80ewmxytPVgdZMYxSYfysNhAXfaMFMA6MWvg,Be prepared to spend money. If your lucky You get 50 coins a day which buys half of any item.,3,13,0.229.0,2022-02-06 14:18:55,,
gp:AOqpTOEW8gYt-oaYR4l2CPfdnF0OP5B0fVY0vptZi8C7GfV4QXSCaYZA3CSLR3jRf3jPcBFUXJIf6OIaBIPub-A,Ty Nguyen,https://play-lh.googleusercontent.com/a-/AOh14GhfO2rOm45wD4aNjRHRISvm89ct3KpK-W9C1uBMlQ,The developers are terrible and completely greedy when they fail to own up to their mistakes. PVP is a load of garbage. Server issues and shinies that are only available and niantic forgets to turn them on. A billion dollar company that is mismanaged by terrible game developers.,1,2,0.229.0,2022-02-06 14:16:34,,
gp:AOqpTOFlmGiY2D6GnKmKg4CfzhCytiWC62htmO7BxC3oMtFZCDQ8726Ze5nAGoBMcX-fkE6yFOg-fPtOUdpylPA,Dilraj K,https://play-lh.googleusercontent.com/a-/AOh14Ghia5XUNxl2iB5BqmD-BBMXSrV4Gf4-HEknW8qy,Please add worldwide Pokemon trade options Show trainer code on Pokemon defending the gym it will be very useful to add friends near Please it will be a good help for gamers ü§ó Please add an option to search friends by their nicknames it will be helpful,4,0,0.229.0,2022-02-06 14:08:43,,
gp:AOqpTOHRRui8L9y7NtXor0bf9NAnriROCyX6XvcUFj-SR5TRxeFeBwgucMi3vsrfTs9mbiY3HhQbdbTO9b9Vpgo,Hayes Kids,https://play-lh.googleusercontent.com/a/AATXAJw9grM9I6_aMXG0E-7QfbalfIcm2LioWjyMHZSd=mo,Super cool,5,0,0.227.1,2022-02-06 14:07:01,,
gp:AOqpTOFTOk18Zh-NWaTqKVo6ReQ6C1E9UHsfmomFdmpwwpYrLVau2uz5qjXqEkTooD0h5B-4YeCX42iGKlptl-w,Morgan Mak,https://play-lh.googleusercontent.com/a-/AOh14Ggb0j1H4f290d0WvqZjob50fgLv9gK7lHCXKA69,"So fun, I can play for hours on end. üíú so fun and enjoying, highly recommend!",5,0,0.225.3,2022-02-06 14:06:41,,
gp:AOqpTOHG8-CrQRchEaEZ5cZ7iGZh9XQq6f_yNHwx7OWAY-nNTu7S3rzLFqpJgRIc_sNuzsYIorsGC6l1apXbbsM,Kid Challeen,https://play-lh.googleusercontent.com/a-/AOh14Gh-ihXB48whvEPzqNmbSVsPbIH237G6PZqm4K6njg,"This game is absolutely AMAZINGLY WONERFUL! First the encouragement to go outside to do things is a great way to Take a jog while focusing on your game! The graphics are Pretty good, You could call it HD. But try this game out! Though, It is a big storage eater. They update so much you need to delete alot just to continue playing. And, the battle function could be a Lil more like the of games. But it's easy to get down",5,0,0.229.0,2022-02-06 14:04:53,,
gp:AOqpTOFEixQPyF0LlPnr4HEDEPGr_qdj1ZyDgfcBsV2YzQTBeDUJ7NwcKE14cNwKYZfc6jLbr6iQfgvkRTPupaQ,Zac Grenig,https://play-lh.googleusercontent.com/a/AATXAJyVJ01bV2ut3Za0SvFA9uL3FTrGpAkUCzK1TH3wFg=mo,It's pretty unfair that a battle that ends with a tie results in two losses,2,3,0.229.0,2022-02-06 14:00:42,,
gp:AOqpTOEUw7oRzuBr4N_1tavahiz7XvRUQejwtVGc98LG0QtIqpvxO0JY6Dv2GvqRSC1V02tEF9_UGASerDu0B7Y,Oren Bachand,https://play-lh.googleusercontent.com/a-/AOh14GiCjhKjiUgv6p2H-mo3i5WFd4vWtR9w3XExB1G48w,Period,5,0,0.229.0,2022-02-06 13:54:13,,
gp:AOqpTOFc5Ya6j6W2wKiX6EcuBKJ-1AXtEB3C-C1bhDKZcLIrFbpmLYlP-LrY4g3E8bFC45aYRi6aX0ptAKuQQzk,Erebus,https://play-lh.googleusercontent.com/a-/AOh14GiOJiFtoX6HYdhBTG6nwycXwYdzUu3HlkbFGkB42g,"I accidentally logged out and couldn't get back in, emailed the company and offered no help to get my account back. I quit playing after that.",3,0,0.227.1,2022-02-06 13:54:10,,
gp:AOqpTOGSSDXFPNZKpZdJXYop3cPkJE69Z3Tv6Ye-CLYAFjpQ8KVpt9zzTosqCrRCuuw-APblOQ80cRtwutg9zjE,Joseph Salazar,https://play-lh.googleusercontent.com/a/AATXAJy44wPBPwQej0rx90HVdSEbkf405xAmlDRonh9g=mo,"Go battle league is compromised during special events such as 4x stardust days. Your opponents will magically have the perfect combination of pokemon to defeat you. No matter which combinations you use. Been playing since the beginning And I've got nearly ever combination of pokemon possible with two attacks and still even after careful study, I'm getting clobbered. I call b.s.",2,1,0.229.0,2022-02-06 13:52:32,,
gp:AOqpTOHpAvzn9Hysrp4z4Wm-2tWqevkzTSrwrTtkJxrdk6I6cR4XXpJLAVG_GaVd0GETIs8ynWNkhZJG2A6vr_w,Tracey Reid,https://play-lh.googleusercontent.com/a/AATXAJwNiq6ypPnCTh_lVzZY7lpYg_0Ms4WpjhqIbtey=mo,Wheres scorbunny,5,0,,2022-02-06 13:52:14,,
gp:AOqpTOE9TQ-JXmPxMSYrrEJGhH5TLAc2KKHHOA9X11z-FKvBWD-bWiuIMQFD7tZAEwNkLVu9TCTYTBlqEHjWdJ4,Raidan Rushlow,https://play-lh.googleusercontent.com/a/AATXAJwth0pssYXRt8M9aYnZ8enpEahmn9A36GGYgtcQ=mo,I bought the 100 Pokemon,5,0,0.227.0,2022-02-06 13:52:01,,
gp:AOqpTOG6JVEB_a64823xNFyjA3UYY0jTMSahkvlFvQj0myZyWkyzW9V72EoPa0bcEMOqGXKDC-n8pmdD9eYRlnw,Noah Brum,https://play-lh.googleusercontent.com/a/AATXAJyD0aGx3M4dEo0Foy1ckJYSBF3to-4ZXOd728DW=mo,"Such a great game, I love everything about it",5,0,0.229.0,2022-02-06 13:51:01,,
gp:AOqpTOEfcHsRmX_CRn_YUtqHq2dyezqXJlDFCPduiCbE0pln5tVafxT3eKgEwes9dlMxTuH-gn63mns9K81Nuvg,Madeline Isabell,https://play-lh.googleusercontent.com/a/AATXAJz8d1CIk4WAQqHEJjkOn8jyOhDd97mfcQKz5qyP=mo,This is a great Pokemon game! I can't believe that it's free and everything is so cheap and cute!! Btw I love the stickers..,5,0,0.227.0,2022-02-06 13:46:54,,
gp:AOqpTOEG8CIcXUr2cMPcn-hKTLoSg0IgmJcQMNxtOb479X6rn52_I3vu4dLLEMG79t16swPeV3HTEeQqc2hf-Ok,Richard Walker,https://play-lh.googleusercontent.com/a-/AOh14Gj51X8nDodVvT8N5YmBFAQXoxebiXx2dIpp-GDcfg,Fun,5,0,0.229.0,2022-02-06 13:37:34,,
gp:AOqpTOFqNXIzY9c0mMcnfAQaisc3NBQyG3b1vEgQvsJVasxdDAtpahw2Xc3mVepsotEN8tFF5Af_vvkIba3-_o4,Atlas Wojtkielewicz,https://play-lh.googleusercontent.com/a-/AOh14GhUmcHlVXi3y2pVgH4Icein65tzNM7sBpvEOa1sRZM,If i go in to the game its says that hes unable to authentic.pleas fix it i got level 15 /phone:Samsung A3      (and if i go on a samsung s5 it works...?),5,0,0.227.1,2022-02-06 13:36:05,,
gp:AOqpTOHiDftuQYq9Jqmh7leE5IpZmkeaiCNhWB0dXInfQMN22bTIsKTzco7HodAXQRu5EX0hJlV8ikWE6ViBDHQ,Zion GraceMichelle,https://play-lh.googleusercontent.com/a-/AOh14GiE7CA9DWRJUmnBW7Etjkg1WYWiIWQ0ZG09xO8GxA,This is the best game I've ever installed I play it like 2 times each day and I really recommend this because I mean I mean yes sometimes it may be laggy but overall the game is awesome! But I do think instead of only using like 300 storage space maybe at like 400 or 500 but still this is the best game I have ever downloaded I recommend you download it. Seriously. The second downside is that like we don't have enough Pokemon. We need more Pokemon like cool Pokemon. We need shinies to be powerful,5,0,0.229.0,2022-02-06 13:35:41,,
gp:AOqpTOFnVDaWiyhdtDLyKnZWGrH2GVaSq-_HiTgQl6YnmCqXK0UPpkKy8vxcbWNj3denuvBC3LN350id7AAz2xg,Lizza Lake n,https://play-lh.googleusercontent.com/a-/AOh14GhKYZlCMIvvOaGobYyfC3eR0sxpq1ql393HT6sHxas,I love the game but it's not really a good idea üòïbut it's really good at some times,3,0,0.223.0,2022-02-06 13:32:09,,
gp:AOqpTOHN_2M7EqyNXkvTtj_W9UalYeiBpmxOJUhCDIsE5PskULZSfhg2oxQRYc1ADGrABkw2co1x2aEzZP3PzrA,Brenda Miller,https://play-lh.googleusercontent.com/a/AATXAJwvh-NNeOmwSeUsRN3JN9LNmZg399zOMFkr0aOM=mo,Uhh it won't let me play,1,0,0.229.0,2022-02-06 13:30:09,,
gp:AOqpTOGtooiPo2VpIS4fGHkEjPjtN6tFvD0QOa1Pl2PtkxLD78DeuEqMBXnygsK6W4Jbuqqi_pG92ptzFMtYbe8,Tiffany Watkinson,https://play-lh.googleusercontent.com/a-/AOh14GjuUZ0bUNKB-JGVpI3orHUH0_P_h2Dyq2afU1-dyg,It is so fun,5,0,0.227.1,2022-02-06 13:25:27,,
gp:AOqpTOF1uE4na8coAeVKbdtuDHcE5-PNtEn1u2hAuj1sSovQKgWeMzSXn3VRf3gk5sx5gWQCWX9NYayVAcHfiWI,Justin Kraft,https://play-lh.googleusercontent.com/a/AATXAJy_XWNqvpP2zJDquaWKezvnJcXciDJKA1sTmgfg=mo,It's a awesome game! Glitch but good!,4,0,0.223.1,2022-02-06 13:02:48,,
gp:AOqpTOH-kOfr6bWhU-Df37iYhT2WdpFXNSUiQpSha0o3fvlwSXdI4M_QDSUIjREr5aeh6IiinAmY33NJ3AB8Lgo,Chrissy Biggs,https://play-lh.googleusercontent.com/a/AATXAJyIyt0jcvNQuqTVNnJEd-KTC8R9090sTsHBUOw2=mo,I love üíï pokemon to all players,5,0,0.193.0,2022-02-06 12:58:31,,
gp:AOqpTOFtl7ONmWy5OOvkbqBefDJXbPb3P2BygVN-AfeirpPMIrqIVOi0duNNduPqqa6MrAAwg6pteYbu40Z0ZYQ,Andres Andres,https://play-lh.googleusercontent.com/a/AATXAJwUuw1Pw5fSe8mcX96Obhq_jjz5ffKe3dqNPqvD=mo,It good üëç,5,0,0.229.0,2022-02-06 12:53:35,,
gp:AOqpTOGR5u_RXcSWPNHCOhsfJ5R8DI8rOPuYi_ZpYXCQXpvslSDuFL5ZBxgTPgUISOKm8Yd3sMAllXG6vIWk_ek,D T,https://play-lh.googleusercontent.com/a/AATXAJzZ7PDOPmw9kFrLss2QXUcgJPPzYTaGbnuP5gw8=mo,The PVP system is a terrible slap in the face. You spend TONS of time and resources to level up a great team for fighting other players only to be spit on by the terrible lag and poor mechanics. Don't waste your time/money with this game.,1,0,0.229.0,2022-02-06 12:40:53,,
gp:AOqpTOFa6ulfcBFdqzs2pTZlz9HE3VRWRomIO3-77bjIvqreblQ1B_nLgXZmMZ773ZqRs5i07vbe6_11XlXuWp4,Leigh Dobbinson,https://play-lh.googleusercontent.com/a-/AOh14Gj_lpVtlgaWM8YTP-Yr1iBLBvmxZYYhgjoWXcmXdjI,üòä,5,0,0.229.0,2022-02-06 12:39:38,,
gp:AOqpTOGR2SYkCzOzxC_3uJ0v75LL7y9TzG9lD1qPa64yj_XViPABwqsT1Azm2YNyboD_IwJUm7Kqq8QPS0iBbfw,Girls Guerra,https://play-lh.googleusercontent.com/a/AATXAJzHUExT1ZgTZCNTTde4FwnGVZvYoasnnce3ZblZ=mo,Nice game,5,0,0.221.1,2022-02-06 12:34:50,,
gp:AOqpTOE8YWMD_JPVo_dbpeIrMbCTH44YGtEZMkQZzw4LlJPUSLrl5DNuZdmRp3kBk7OdyT1Hq2eytCFFGJTqBA8,razia ishaq,https://play-lh.googleusercontent.com/a/AATXAJxFCwxygAF1I5utYnhHD6NE19EgQubjzCZe8POC=mo,IM IN LOVE.......,5,0,0.227.1,2022-02-06 12:30:20,,
gp:AOqpTOGUvS7adBOXlmBlk1NXb7l9v25ER7v33Tk28IYgeNvNSrVb-hp_wwhuq0wOMfE4BMVabweLyFUEyGEJ5es,Isaiah Laskowski,https://play-lh.googleusercontent.com/a-/AOh14Gj85ac4V4QjLxzkVwYVytrcM_HCBGPjYyWJZGr5,Lags alot dont really ever give decent pokemon and takes alot of gigabites and mb to update,2,0,0.227.1,2022-02-06 12:30:13,,
gp:AOqpTOHEKXyTyUOmXiefySLkKqE_qR-1E6pSsnVkW3VhpENuBUu2CHBsTc7iAXsMUFvrCWBfUTqFzh_ZeQbgZMI,Nuffer Muller,https://play-lh.googleusercontent.com/a-/AOh14GhUkEwJYXvwN0B3vvHGabT-Hx-_myeiw6qsUSCvhA,"I'm beginning to feel like I should give up on this game seeing as I live in a rural environment where gyms and pokestops are few and far between, unless I travel far out of my way. Also even with a solid fiber internet connection I find problems battling because half the time my Pokemon will not fight due to weak connection issues meanwhile the competitor gets to beat up on my Pokemon until they faint while I sit and watch.",3,0,0.229.0,2022-02-06 12:22:47,,
gp:AOqpTOHfXMqUbedIqIhNCW9mWgjIeSc5F8Vm9lk_vliSTUeoWofyeX3u-AogMZNKSoqtLQqI9VtEPBOLLnOhseQ,Jesstine Toukatly,https://play-lh.googleusercontent.com/a/AATXAJyD94Rp6bzRYvY8dQLStnG30S8kiPMeVIVw_zho=mo,Shame full,5,0,,2022-02-06 12:19:19,,
gp:AOqpTOElgCgL0eINdMJVAo0zgTlr4BvxgGD7DlA6qMEhEHsF6f_uTLlGSNALrSDfA9U5yPspDRuQqD5R20APxDc,Calamity Gamez,https://play-lh.googleusercontent.com/a-/AOh14GhW7KKU6Q6cWCSVdtJQhKMquOhJ_KokLosuH3rOdQ,"Ok, so I really don't like the fact that they just made the pokemon look pixelated like they do in the DS games, it doesn't look good, it looked better when they looked real.",5,2,0.227.1,2022-02-06 12:11:44,,
gp:AOqpTOHEd7P2TTLdZ9GX0W9NsZX2VgRrg3tsdXTAXpL3lFe4PPzz_844ZMrW355NcmF3J85gpzG2VhPdZk5Cxk8,Wesley Kettley,https://play-lh.googleusercontent.com/a/AATXAJzdmC1NoIQt31gZwpf5LDcW6mk4eHpDSuIOiBu9=mo,It is fun and very animated,5,0,0.227.0,2022-02-06 12:09:01,,
gp:AOqpTOHGpnVcjOYFHP3yBiIrKk6c7BSpBCDbd4RHpAe5K6FFrN-Mo40bOQ77vc1T_7g1zvXNu9Oc4f3j9TO-kw4,CYBER Sonic gaming,https://play-lh.googleusercontent.com/a-/AOh14GiAbSuoU4Hqq2N8_szUNehWxbhzAAevGKP8aJ3_,My country is India I am new player I am register not password is not working properly don't try this game worst,1,0,,2022-02-06 12:01:01,,
gp:AOqpTOFjsluAjeOVc2YuDWB3bg8PHRnmjgDKpenlWNAx5eKioflPkUXkDXcdsJ0N_MbnVkpX3BAehoR9IceEy-Y,Andres,https://play-lh.googleusercontent.com/a-/AOh14Gh8dgLp5tboA96rPrDVtUXUKcdk_AgtWDPZXLU2,I love the app!,5,0,0.227.1,2022-02-06 11:57:16,,
gp:AOqpTOF-9S5n54xETD-kCN-37RrGYHgHG-fWQLzpiDIm93NgPDRO4GR3xWngxrjDdJCa2-4kdcptub-Y7qvwjK8,Reece Hutchinson,https://play-lh.googleusercontent.com/a/AATXAJz5DHbrDwyH23Kh1Ui54sY5oRgqcbEuO3VOxrvP=mo,I love this game,5,0,0.227.1,2022-02-06 11:53:39,,
gp:AOqpTOFCiRSed9961NtpW__Rh6OdA1xr186d2thTOzsGOb8BDm2Z6MHBsNt3CyVYQ7dpugxTp2kaLH6euau6gNA,Haris Rashid,https://play-lh.googleusercontent.com/a-/AOh14Gg0JrlXmy9jBGTCGW6pckv2z7ntRn_UBdgMqZYW,I request all people who respect every religion to give 1 star to this game so ot will get removed from play store...it plays with the sentiments of people... the pokestop in the game is only where u find mosque and shrines not any other place,1,0,,2022-02-06 11:30:54,,
gp:AOqpTOG-WGKi5p8wYkxvn-azLN4QRmiYaMcp6ge2SQfyZJoWtuw-dtZq0vSV8dmYPV984nLslFG55XD2qsLCfEQ,Rochelle Featherstone,https://play-lh.googleusercontent.com/a/AATXAJwsk9KbQhBuoHOE4IFOm4rZWjCTv52vAxbckghq=mo,I was in the middle of a raid when the app randomly closed and caused me to lose the raid and my remote raid pass. Please give me my raid pass back!,1,0,0.229.0,2022-02-06 11:29:14,,
gp:AOqpTOHGDIpQWmGjuvPda3kt5ezdF3GjyK-rlHl4_PIY87bvqdGbEoZpGCWuIXf0-jTqlC96yrKqEGrvs3A5H4A,kyra laveder,https://play-lh.googleusercontent.com/a/AATXAJxLG5qOgaHNwM4h_4wW_yoceR6c8vJqf6sqbkrw=mo,It gives me a chance to explore outside and it's amazing,5,0,0.227.0,2022-02-06 11:29:01,,
gp:AOqpTOEetgC6nOKYQWFkAXou7Ww5Ul6IG0e8LhxsvZPDl2i8lx_YvTyT0qyEr6o8w8kCAzGDcAXnHsYhQlPI9-E,A Google user,https://play-lh.googleusercontent.com/EGemoI2NTXmTsBVtJqk8jxF9rh8ApRWfsIMQSt2uE4OcpQqbFu7f7NbTK05lx80nuSijCz7sc3a277R67g,This is a really fun game my family loves it cause they go outside alot (I don't go outside tho- they just use my account for rades XD),5,0,0.227.1,2022-02-06 11:28:09,,
gp:AOqpTOFBrw3kfp52CII0uMw9yRJGaf3ACRFjIDJjANMnk7wYVMEivgZ-Q-3tNfWs4FxFR4iNDZMD5hhYk96SsR0,Adam Green,https://play-lh.googleusercontent.com/a/AATXAJzzkhOmSclyVmRqGA65Q4sZ38c1UFeZzG5yVeoV=mo,"Hello Trainer, we're going to pester you every hour to make sure you're playing every minute of the day by constantly throwing garbage notifications to check up on your noninteractive buddy Pok√©mon at you! Seriously what has brought about this ridiculous notification spam over the past week or so?",2,0,0.229.0,2022-02-06 11:27:20,,
gp:AOqpTOGxPDCMT43JL7IQQ1HTfi0a8WYC9V89Med4EXaZ78Ln05I_udGY-Gd8DfqnUFWqJON8IUGmbKu_n-1_Zxg,deana brown,https://play-lh.googleusercontent.com/a/AATXAJxPrO598Y7Waza7Xyioq3568xijiJ2I9HkJUrLF=mo,I love the game but incense hasn't worked for over 2 months on my game. Try contacting support in game multiple time but hasn't resolved. I have tried everything I can by reinstall refresh data and nothing..,2,0,0.229.0,2022-02-06 11:25:02,,
gp:AOqpTOHOhs3htDT1TngDJ3JzWPS4KGrwWOxA6pyO4S635K4tEXKyU56ffGtIXwm8PG5AU0Pg8gAF_7poKOp2Jhc,Indu Pawar,https://play-lh.googleusercontent.com/a/AATXAJznRI3kqzgY1xAw7fXtVz1Tmqic5bLc2ZkQOk24=mo,noob,5,0,,2022-02-06 11:24:06,,
gp:AOqpTOEvHJYs9wH6chn_aInSLtdmjyMyFwBXbxGx-RypPLZapPTXnF6lUPriTGI5DhOHU06WFQd6jQyKeFc5Lt4,Sddfghh Rtty,https://play-lh.googleusercontent.com/a/AATXAJzX2Dbm7bFVYRDe5r4oABugFJAXIeJpfzJvuXt3=mo,Mi pokemon go oppon,5,0,0.223.0,2022-02-06 11:23:40,,
gp:AOqpTOGxwG76VhXCetZABDZ61RCIyiTZWncxRQgLNalft-n97p5XWb8WI5UdrewzWz5Up8g4BYjv5xJ1SxJDtQc,Jiggly Puff,https://play-lh.googleusercontent.com/a-/AOh14GjFu1uE2eUSfJXEloFL8Zp0vhkuOtKVCcOn35BoQA,Ok,4,3,0.227.1,2022-02-06 11:22:25,,
gp:AOqpTOF5vK1v64c7VykYlZT7czoOb0nV8GiaMvBxuK6IVe0ELf8ET9QRfF9OqxGEj2k1zrEAAaH3lwFgrMIqRe8,SINDHU TK,https://play-lh.googleusercontent.com/a-/AOh14Gi69ORGpkMoaTbprOdJ916GGnyAQjTm7Cq14Uz1,How to verify,1,0,0.209.0,2022-02-06 11:18:30,,
gp:AOqpTOEsPzxkOKk2H0cy49A5jv_ruA5Nv4kddxloYfye4ZFfZXTft9eNMtTwDjio9p8vV0aJWua9qYJjehSKIjE,Heidi Martin,https://play-lh.googleusercontent.com/a/AATXAJxqDyzgH4wqvRk_jp-3_CsAAvc3NZUfb1YUQ5L_=mo,gay,2,0,0.221.0,2022-02-06 11:15:32,,
gp:AOqpTOEqWxp76bIbj3oqXcjFSIVXBQFAPOYRwkMFtJjlm4aAL_-99UTK4XuQDao5b653k1QtDCfnDi1d9puydF0,Nandani bansal,https://play-lh.googleusercontent.com/a/AATXAJxmrIP_WGkaAj8zLDoviFR3IUDj79TxKws6fRy0=mo,best game,5,0,,2022-02-06 11:13:38,,
gp:AOqpTOFyXhVXvCjNpotB-X4gUGR6X-0h4zuJZdsiOl-bLqR6yYoJrS-hGjhLH-6lL7N0CI4wo0jvjdgLLbeQ47Y,christopher richardson,https://play-lh.googleusercontent.com/a/AATXAJwSpyeV-hO5cpEv1u7OXWZ9q8DjnS13ALM8UUst=mo,I like poke,5,0,0.227.1,2022-02-06 11:12:17,,
gp:AOqpTOFSX9VrjDCDdBRUe8-bU-P5ZcsIc-cf5WfcxVSdo4ciLjsCe4U6yN031OntM0BqrT_mE90UPMxkl-FsVZI,Dj Gamer570,https://play-lh.googleusercontent.com/a-/AOh14Gj0ztxA2ZuvO5lyqbpQL1z5yk-tAMjuT3iT8bSM,This game is so fun,5,0,0.227.1,2022-02-06 11:01:31,,
gp:AOqpTOENObtK3xU_o9u_UnetdJOpG7RlTH1GqSKMLNyi7xQYclIr9efpbAVZrDmzX63vGKSgDnwiuP3V-wPVtxs,ÍßÅAli „Ç∑ AkbarÍßÇ,https://play-lh.googleusercontent.com/a-/AOh14GgK-bySIwUUQglYzdYerRVYm5lrvu6a0X8va1riiA,Good app üòçüòçüòçüòçüòçüòç,5,0,0.229.0,2022-02-06 10:59:02,,
gp:AOqpTOH4oR34RmhBZ9Z8x-VJyTFpbkzs9RDo55fXDuyWajU-2uii4a_O-veRhh_y0XX0OWbJXle0gGSWYHs0nJc,Yash Parmar,https://play-lh.googleusercontent.com/a/AATXAJx3pO1SmqMPsdIYxWoF0kOKu47R-DdYEQgx0tit=mo,What is this? This is a awesome game üëçüëçüôåüëåüëçüôå,5,0,0.227.1,2022-02-06 10:51:03,,
gp:AOqpTOGuzS0i2EmHSe7isY1cYu1piGeryyRo1Zd7Cahu3DJL1GzWhpY9PWa7NXgEmdzb6vYfifoaTJQErG3vATo,James East,https://play-lh.googleusercontent.com/a/AATXAJwOKiWbST36uOXPtfCI4ZO_u1KFgTpKqH-Df0WN=mo,Excellent,5,0,0.229.0,2022-02-06 10:47:14,,
gp:AOqpTOEAW3PYrhFgaY3tgQfrcD8DMJtQfcwBYic2My9HsErHwEg7ksIpETl2_PhAPwppDwO6KNU03DYla3cQzBY,Zayden Lutz,https://play-lh.googleusercontent.com/a-/AOh14GgJUQTmWbsiHQDxMtSbobZnZASUeCRbsJWmltU-aw,I love the game of this i found it really entertaining wall it is a rainy day but every time on a android device I get sighed out of my account every time it updates.,3,0,0.229.0,2022-02-06 10:46:22,,
gp:AOqpTOFkt59V7Q7QVFkI21Pd5uT44A7KgLSfqzSyLXBbv2Hx8UJM_BjawK5WaDSkCZ5mLgVAAj47gqXF7RCfKGs,A Google user,https://play-lh.googleusercontent.com/EGemoI2NTXmTsBVtJqk8jxF9rh8ApRWfsIMQSt2uE4OcpQqbFu7f7NbTK05lx80nuSijCz7sc3a277R67g,In my location their is no rare pokemons and also pokestops so please grate me one new pokestop in our area nantic,5,1,0.229.0,2022-02-06 10:46:16,,
gp:AOqpTOFHWcyd_23YNsF4eH4YQixWBot1YcS3rpP0hfCWWeOOZ2LK43mDO_afYFcci_cBQn6gorDeFFzb3Zt58lU,Sasikala ms,https://play-lh.googleusercontent.com/a/AATXAJwM42HUBJ9bV46g4ssi98hlI4iYsff77WV28QfU=mo,Mr beast,5,0,,2022-02-06 10:45:26,,
gp:AOqpTOHh3pV1McMbmJjMB6_E4FBgu2Wxf6Go7N-blIjQ1Pt3Wpqke9VzixKnYKZCfCSjKkdoQXiN8ZFhoS5WL_Q,Mad Woman,https://play-lh.googleusercontent.com/a-/AOh14GjtmFXdF0fdO3iwUHsRGRjeNZu87gRt9uP8qASDDw,They have good roars,5,0,0.229.0,2022-02-06 10:45:15,,
gp:AOqpTOEe80qDr5efcEmG7D83qCrSzR1o3_35tz9A57Qz59bsZudP3_VMWkurRdsqTeG-wy4WfeFESif0pYXG7oA,Saad King,https://play-lh.googleusercontent.com/a/AATXAJwtUrI1ek1u3e3OFzV8Y1iV4bcNLl2BR4rfHjQg=mo,Nice,5,0,0.229.0,2022-02-06 10:45:03,,
gp:AOqpTOHV_hNh3KjsXMsHbV2CczWDXllJLjNGPVHXSl3TxkkY4U0x1zxupVhnUwB-fdPlOv82yCP_LCCa3CDMIGE,Hari Ganesh,https://play-lh.googleusercontent.com/a/AATXAJwiETBE5isq5S8GHY0a1z9NJDar-w1tJaO_aYS-=mo,"I like pokemon cartoon.so,i am very happy to play this game.üòéüòéüòéü•≥ü•≥ü•≥",5,0,,2022-02-06 10:42:56,,
gp:AOqpTOEvROnK7tcgIavpCtYng0zFQYQ2JW_lrEq10_Hs7_baS87JghW8fjNhy7DnlOuVpXuIRL2omzDMDbK8idE,Krishna Halder,https://play-lh.googleusercontent.com/a/AATXAJy7hinHMbrWMe1oXkkCdksXDE1ETzGId9sxLlWr=mo,Pokemon Go Game Not Open Please Halp meüò≠üò≠üò≠üò≠üò≠üò≠üò≠üò≠üò≠üò≠üò≠üò≠üò≠üò≠üò≠üò≠üôèüôèüôèüôèüôèüôèüôèüôè,5,0,,2022-02-06 10:38:32,,
gp:AOqpTOG3OHB8qpCgiHhl3oHIdMXu6lA4-wfJ-zxHNMhq_TAmCodKxociNmN8VWwZyIiDAB6jQc-TfnlgEdusqxc,Orlando,https://play-lh.googleusercontent.com/a-/AOh14GhBaelzPGU3-3psVRySB73OXlFfMnpOOyXkXPNpLw,If I could 0 star I would but this game sucks literally never any poke stops anywhere it be a blue moon if you ever caught a pokemon with one pokeball game is rigged say it's a free play game they rather you spend money on this boring game bruh there's a pandemic still make it easier,1,0,0.229.0,2022-02-06 10:32:39,,
gp:AOqpTOHG5a_tBUIJSiTAw1obqHwi9xrbKABps9htuV8Oa5EhI-6umo1fSuat4pvxKZP6Xm-mmr7QrcOL9JygfEo,Coby Howard,https://play-lh.googleusercontent.com/a/AATXAJzuXmACkW_18X4_ZZtAR-s1DPYlswR_qA_FW5PX=mo,Best game ever,5,0,0.227.1,2022-02-06 10:28:30,,
gp:AOqpTOF4pLI3_HjdaiOm1Moe5HA8w87k5NEVyNSrTQM5LTkXqxZ_sMwMKM0fSmjzYGWZLcbCGdOBPN_5tfiB-6E,SUMAN KUMARI,https://play-lh.googleusercontent.com/a-/AOh14GhoOC3YtwsxZYiMuklY2CFvBLLiu7Vv3ZeL0h5jpQ,Not remember my account details... Very bad experience.. Uselessüëéüëéüëéüí©üí©üí© üéÆgames,1,0,0.229.0,2022-02-06 10:28:28,,
gp:AOqpTOF7i1ukgNK0Aa_a2PQQLVRr1l__imjWoQw4cIpvZbYcX4uNfOt0U9anwwYkBrUYsUgypP-mBfz5Jbpvypc,Nicole Cano,https://play-lh.googleusercontent.com/a/AATXAJw5DFmJXZlI3eKANAseZqN5afrLEIZ-MfONLzYn=mo,Anggande,5,0,,2022-02-06 10:26:33,,
gp:AOqpTOF1wIjgxgx_YrOMPo8pj1Bo3VZDbqgShSyYPBb1WJfChXkqI-n1NgTqjY0mNRN0WzENISE-8zJ62Lq0UAQ,tostcrunchplayz yeet forever,https://play-lh.googleusercontent.com/a-/AOh14GhdzP8mvTC-ND2bm_ez-bPayLhybHwOTlLlCRGhJg,Amazing game,5,0,0.227.0,2022-02-06 10:26:13,,
gp:AOqpTOG2Wqnli7BoWzksTYVsb33iGUTl3WiufSZjkFxIQnAaoIuy-wKlXh_ISHzB2LETYbZY4M6jldUoGdWkpXo,the one and only,https://play-lh.googleusercontent.com/a-/AOh14Gi0KBzRB2ozO96jZByQGHz6jVeMlibya_-Hjy_b,Fun on the go,5,0,0.229.0,2022-02-06 10:21:11,,
gp:AOqpTOEzoArnuZTEygICHun8WbwH0j_JDAOIxnHEXaBwsdjw8egFeQigsqtorFFt4kGEGQEdqgygPKGPRwe6zkE,Simon Anderson,https://play-lh.googleusercontent.com/a-/AOh14GicU_6eaTJ2iw_R6BKIecXz7CvtRMFJGeqZHvjaBw,Pull a tight beat,5,0,,2022-02-06 10:18:57,,
gp:AOqpTOHMTJx-ejIJS0pyg1e8ojS3GQ05sQwfQn98ErdXYXTJJ7G7Mot1awPKaHQLrQCn2GkzocUF2IDrZTvmrJs,kutta valluk,https://play-lh.googleusercontent.com/a/AATXAJxCBPsp3wnvSWnYTj7tTce8YKinP80Pua8K3nWF=mo,best game,5,0,,2022-02-06 10:17:18,,
gp:AOqpTOHEJoHllhAhzfMZw7dflPBPvAwZrQ7njUIREwd0ZKIPQ4isESDUakipcOJUl5kqga9irbrWUzbsC-hzDEk,Sajida Sadiq,https://play-lh.googleusercontent.com/a/AATXAJx7Jf5kjrLmieuVTRoI28CVeQIDz_dLpE54OqoE=mo,This is my favourite cartoon. I want to play this game. Please give a free log-in for the first time. If the players delete the game and are returning player than u ask them the username and password.,1,0,,2022-02-06 10:17:08,,
gp:AOqpTOHnr-8186vcQrWaRfINq04FIMA2bjeiQDKgrD-q3N0o5pJJuE23c653ogxG6_VHFC5GExCL-Wd4A4jR-HY,Vishal Faliya,https://play-lh.googleusercontent.com/a/AATXAJzwvEOcqFvikPUxa2MCUvmdUskI-HZpdByt3byl=mo,VGood,5,0,,2022-02-06 10:16:19,,
gp:AOqpTOHxhgzPGKmMQ80oU9AGPWB6DyquelPgzYY94CtK39OyTCE_WP90KHGFTAwTPORjOkimoz6ZO2ru02v9KgQ,Amy Rawlings,https://play-lh.googleusercontent.com/a/AATXAJyNMdyv7ImP3U5KAhXN82yVg0FucZvJBRx0ivh0=mo,It's cool,4,0,0.227.1,2022-02-06 10:02:33,,
gp:AOqpTOFSw0K2bnAQsNikxMJLDdJ6PyRcuxa-rf9G36OLiC1jjMdlok5L1pD930LTXGuVCIAQEwq1y0K0QbptM08,Ryan van Huyssteen,https://play-lh.googleusercontent.com/a/AATXAJzsZQRk-QpHvoo4Wi6uGCIN-McCyZgMcTej22op=mo,Og,5,0,0.227.1,2022-02-06 09:59:40,,
gp:AOqpTOGTCKCmz0UCV8lsNJlEiXhw3oxZCK-H66S0_Lq2E_gAT4fG9wqk7zYMJ3Pg-S9akcV1o8dr1860Smaptxk,Ernesto Chaidez,https://play-lh.googleusercontent.com/a/AATXAJyTkXNVGFcljsAh-O3Y05iLSXKB97lZ8HVr8JRv=mo,It is fun because you can get legendary Pok√©mon,5,0,,2022-02-06 09:59:39,,
gp:AOqpTOEoZmBd0FIxC7r_c1QXPICw9tnnft-RGSnDeLbdKhNq3aavL_0D2tjASlcZboxKLlOtsrdTnxvfmuee6eo,sashank playzmcpe,https://play-lh.googleusercontent.com/a-/AOh14GhqXUxjnUpmZt6HrlJ2oH3M9g8pCbtptmq_FK4G2FM,Quite interesting but I can't go to the far gyms because corona and parents so make it easy soon as possible this game deserves not a 5 star it needs a 500 star,5,0,0.229.0,2022-02-06 09:58:18,,
gp:AOqpTOH-08wtxTV2Z2IWyaAV26pwpyL-AfD_6xy5Hw46VCk2Yo-b0RdiWuj7GHfsej_ji0KHba1a9JbU8BL6JYI,Vishnu Rajesh,https://play-lh.googleusercontent.com/a-/AOh14GiUVzFVTDUra80H4sC6-Jwc1KUdpX6m7wxtxNrPRw,Absolutely incredible game no words about it ....... I like it to much because this game is like real Pokemon series...... Superb game no words...no words....üëåüòÄüëèüëèüëè,5,0,,2022-02-06 09:55:07,,
gp:AOqpTOH8seBhjXm0jpo-1Ua0QMkukU769pOYC6hcMOGeoi1xN4ISSOu-B2-EZ6mupunDTEUBr1-Lirt1md54HoU,Ava Reynolds,https://play-lh.googleusercontent.com/a/AATXAJw4OpMM4mIPxP3XOdwzyQelttjhnWH2yAktFdYe=mo,Swag,4,0,0.227.0,2022-02-06 09:46:32,,
gp:AOqpTOErckbNAuTi91adpTHJbQtluHm1a-O99QA7WPV5s3FkZcDWEUbEpgc-4E7wbKOGt8oiB-B4g2k4P9633hc,Oisin Campbell,https://play-lh.googleusercontent.com/a-/AOh14Gj3-sdMIq4Wcby8ADw0GACmfG01MdzKydLiKgmk3g,Very good game to play!,5,0,0.227.1,2022-02-06 09:46:30,,
gp:AOqpTOGuc0tfFBHkbz5sccJ0sMKcFiqH7aFcT12MEbO_MxmW-q8m5QRTyLgYKRWUhgEWD6zj9Y9PKZPbvk2cBBQ,Yasier Adien,https://play-lh.googleusercontent.com/a/AATXAJzVC0P8U3rj0IUFW-L2EjrXzWvnpxjw2W9MTiMo=mo,üò∂,5,0,,2022-02-06 09:39:14,,
gp:AOqpTOHJY3tB7hcauzntvz8HU2dpSNAsrSKxdpIqmt5aAs-o83O1fW-4a0wS6xIXyCp8pe1Rgvhu5iPubIUhqpM,Bijoy Singha,https://play-lh.googleusercontent.com/a/AATXAJxZ_xeqqk-gMu7LZQAAWLFiZ772TExyj5-BsE09=mo,I like this app but if you put joystick it well be easy to go for us,5,0,0.229.0,2022-02-06 09:38:15,,
gp:AOqpTOHU2ircq0h-wKKUJDncxxmgHXziZ_qUVgTwXrtScCXDQmyMj_gpN5W_4jmVKssUKgnVT-QC3rct9A-N4pw,kopfer hugo,https://play-lh.googleusercontent.com/a/AATXAJwkPOXh0QhaYE9PJbrYVrRrHQTLKpRN2qDrqM8L=mo,It great but lagging there battles and catching,5,0,0.227.1,2022-02-06 09:37:28,,
gp:AOqpTOELvupOZH1LlHlB8sSYsIWn6lAySgHAIFrcSEFUjv2tJ3Gz9vycFsI8jGLBPnL7BwGvJSLO5UxyB1FikXQ,Samagr n shristi Gupta,https://play-lh.googleusercontent.com/a-/AOh14GhPnNgnnxguzPrnB9J1W_YXoRa9epPH-kyq-EdTFQ,Bestttttttttttttttttttttttttttt gameeeeeeeeeeeeee offfffffffffffff indiaaaaaaaaaaaaaaa.,5,0,,2022-02-06 09:36:08,,
gp:AOqpTOE0pKdY8Swzf-YiUP3osLXsTZlXGa8ycVef_md9ip-4RT8cSFIRbJ3ec_d_LGDk-02sCGAWF2dW42M_XCA,Michael Garver,https://play-lh.googleusercontent.com/a-/AOh14GgdzMDuDvaoi301_9GZYE_IAxhOBUJ-5b0XdFbrCg,I love it,5,0,0.229.0,2022-02-06 09:34:07,,
gp:AOqpTOEJh3SkfS3ccQOLw3KCmyg6rZac4xOOtqICwBO5fdgdNeF0an5IleUXt0sEY5f-mMK4I8_1J5XplEbWP2w,Davinder Dhariwal,https://play-lh.googleusercontent.com/a/AATXAJzAyL57hLzk7ZRFIB-J1l0zF1avMqZHRNoEY-ZT=mo,Urmom gayles,5,0,0.229.0,2022-02-06 09:31:41,,
gp:AOqpTOEajN2nJDm1wlxfaLmsE_JoEr227-h-bwhWDHc1SmZ03cKYXagUWL2JVUvElthxL4BCuZMe9wEj9owye0I,Micah Stone,https://play-lh.googleusercontent.com/a/AATXAJzkcJ0KiQRc9P0MJY7nTFgGmmvhkbFYjVj8ZdTM=mo,I love it it is so fun,5,0,0.229.0,2022-02-06 09:28:37,,
gp:AOqpTOGAkMg_oCpU0v6YDcjHWXOc0HNxVAiuPjzxpjmN1B642C-LDaEZzsMWsUuby2Nad1pKSXxj3L8I3-lXAsc,Sihle Njemla,https://play-lh.googleusercontent.com/a/AATXAJzlRAIp3DVONhlnGDgg4kSt7STCf7OiN-Wu0LAo=mo,Man the gyms are a joke because i need to go to it and i don't have car man can you please just change the gyms and when is battle going to be released man please change it,3,0,0.229.0,2022-02-06 09:28:30,,
gp:AOqpTOHJM_0yjMUZN55BSd7i8I55TpFa0sRh3_Z3LM2ESYpIHFORkIIJthLPtefU8Bm0fCTPcS_7zhzBQYLBkNA,Jotish Medhi,https://play-lh.googleusercontent.com/a/AATXAJwEeAQvOSE-PRtJr7cAAjjJp2iZpYimzLX7Mkaq=mo,Nice,5,0,,2022-02-06 09:23:34,,
gp:AOqpTOECzqrwFM2V4SVdDoRPvf2_4u0_LxuPy4nNqAO_U1YmDjdKLFV216KA8pWlFZrpXoiXj-EZymBr23b5QFY,King Gamer,https://play-lh.googleusercontent.com/a-/AOh14GgYM9xr-BEU5M6KTYjAKNM8NmlZq3ZckIVS7S1E,Give me some poke coin,1,0,0.223.0,2022-02-06 09:22:20,,
gp:AOqpTOEPZSwn5QmXvjOY7t2Zlb-xFm6QIZXZcXdWIrVXsKR9nCB2FGAmGHaHrnSdQWR7i3Ahjf_bdJ6vF3WaMrQ,rem,https://play-lh.googleusercontent.com/a-/AOh14GjgZgyPixtpLxj9EnDwJAH0r7dJPK6rGHPiA1J-bw,"this app is gay, like me",5,0,0.229.0,2022-02-06 09:16:59,,
gp:AOqpTOGG94oXmIy_Ofssv-DfrT8kdfJ5Su5iVE06KSOLILOoyuZQwDpKK5vxiydT4GdoD9dT4-lZn2jraY9FKoo,rainboweyelashesPlays,https://play-lh.googleusercontent.com/a-/AOh14GjUymgDHsElwTkxj8hPEXousqCmFEDHlZMFvyCE,"I love this game! I gave it a 5 star because I just had to, if anybody sees this, just listen to me and download it! üòÅ",5,0,0.229.0,2022-02-06 09:11:01,,
gp:AOqpTOGq1zAckbBgP9SfRznf1xJ4muChrAa44hs0rWRRkAjWC27OHBhQubosS275Rkk5lKJU0Q4kR6iRVauqrg0,Youssef Guirguis,https://play-lh.googleusercontent.com/a/AATXAJybLYxDjRcWMN9W4EvNXwpkH9kpeoUAXVOKrOhk=mo,Love it,5,0,0.227.1,2022-02-06 09:09:30,,
gp:AOqpTOGxM2GutjnqwKrICCDdzpwRPSPnNLnQiVXCBLp9msYZ1bg5uipwD3MrxXCtettI65544-3r4Yqzd5002gU,Chrishelley Bare,https://play-lh.googleusercontent.com/a/AATXAJwTL955oqG_g1oLUdt0jOJB8s3A3owT9jZekjBn=mo,Its fun,2,0,,2022-02-06 08:59:56,,
gp:AOqpTOGktvwKG1VTfWRNlNIzBtMzjhkm0T-E7M17V_LpsSNQU8fIFs-Wyc3ux_MCsXGcRHEeX3joJVXSHwB28og,Pritam Mondal,https://play-lh.googleusercontent.com/a-/AOh14GiOzvuV55mxD4bKthPxTaNCxSw3Zh6xx8hd4GVE,There are too many glitches when battling... ü§¨ü§¨ü§¨ü§¨,3,0,,2022-02-06 08:54:42,,
gp:AOqpTOG7xC8WWEkSPeX0xFxq2pmatYPEHZWulCq-18GmnsxDsgWgQONeBIdRDAgxwJn4xOf55g0N0SGg8AoLg_g,Aakash Kr,https://play-lh.googleusercontent.com/a-/AOh14Gj1qn87pGzoOJBQgm6KQdAMaeX7I0XPmpT9T83D,Op game üá∫üá¶üá∫üá¶üá∫üá¶üá∫üá¶üá∫üá¶üá∫üá¶üá∫üá¶üá∫üá¶üá∫üá¶üá∫üá¶üá∫üá¶üá∫üá¶üá∫üá¶üá∫üá¶üá∫üá¶üá∫üá¶üá∫üá¶üá∫üá¶üá∫üá¶üá∫üá¶üá∫üá¶üá∫üá¶üá∫üá¶üá∫üá¶üá∫üá¶üá∫üá¶üá∫üá¶üá∫üá¶üá∫üá¶üá∫üá¶üá∫üá¶üá∫üá¶üá∫üá¶üá∫üá¶üá∫üá¶üá∫üá¶üá∫üá¶üá∫üá¶üá∫üá¶üá∫üá¶üá∫üá¶üá∫üá¶üá∫üá¶üá∫üá¶üá∫üá¶üá∫üá¶üá∫üá¶üá∫üá¶üá∫üá¶üá∫üá¶üá∫üá¶üá∫üá¶üá∫üá¶üá∫üá¶üá∫üá¶üá∫üá¶üá∫üá¶üá∫üá¶üá∫üá¶üá∫üá¶üá∫üá¶üá∫üá¶üá∫üá¶üá∫üá¶üá∫üá¶üá∫üá¶üá∫üá¶üá∫üá¶üá∫üá¶üá∫üá¶üá∫üá¶üá∫üá¶üá∫üá¶üá∫üá¶üá∫üá¶üá∫üá¶üá∫üá¶üá∫üá¶üá∫üá¶üá∫üá¶üá∫üá¶üá∫üá¶üá∫üá¶üá∫üá¶üá∫üá¶üá∫üá¶üá∫üá¶üá∫üá¶üá∫üá¶üá∫üá¶üá∫üá¶üá∫üá¶üá∫üá¶üáπüáªüá∫üá¶üá∫üá¶üá∫üá¶üá∫üá¶üá∫üá¶üá∫üá¶üá∫üá¶üá∫üá¶üáπüáøüá∫üá¶üá∫üá¶üá∫üá¶üá∫üá¶üáπüáøüá∫üá¶üáπüáºüá∫üá¶üáπüáøüá∫üá¶üáπüáøüá∫üá¶üáπüáºüáπüá¥üá∏üáøüá∏üáπüá∏üá≥üá∏üá±üèîüåêüóæüåç,5,0,,2022-02-06 08:48:19,,
gp:AOqpTOEsDqb1ShloMCUFxtr8tpIjiQu5jRAPlQHFUtU_M2HZBxp5b0PcbqQKOPNbaE_wWoXy5HoOBmO57Qw8wUk,Hector Cuellar,https://play-lh.googleusercontent.com/a/AATXAJwSeeZxBlfHVnxS_lmbsKdjSFb1aSTfP03m43Bn=mo,Great game,5,0,,2022-02-06 08:42:59,,
gp:AOqpTOFEqVLtQPRTmIUj-UlYHFrX04Ra5q61bhWHHHGJyoVXso9xht6cK9LX7OxLWthSIdMqzPsawRTaPzcBk18,Deepika Sharma,https://play-lh.googleusercontent.com/a-/AOh14Gi4krDQ8U__SAFeID7xNK4PqNnJMzBFvVBaFTvDgQ,Everything is good except that how one can defeat a mega pokemon in a raid or have a legendary pokemon.,3,0,0.229.0,2022-02-06 08:41:27,,
gp:AOqpTOH8b5A-eSfTQjEYfu1nD3KxqnRWbsJ0h4Ufti9pQyskp7BxHnvt1EpkHe0WbXgOL9HFc6alKQVYRnNJOFY,Desiree Cobus,https://play-lh.googleusercontent.com/a/AATXAJxjOoifmuJzgM6cRM_C8eYLjr5CwQOCNDf3GXts=mo,I love it,5,0,,2022-02-06 08:38:06,,
gp:AOqpTOG9ETBgrrnaY3KLpd-O88iHvfJni8CegoeWgjIMXAJnJZp90REG3CwQIVFPximIEraCam7ivSQG076rWWI,That1PsychicGuy,https://play-lh.googleusercontent.com/a-/AOh14Gjo8ZMbeQDuTT6LvzksfW6e0KGdAPGjMD4rx958iA,It absolutely awesome üòÉ I love it,5,0,0.229.0,2022-02-06 08:28:22,,
gp:AOqpTOEk9jUQVEhHV_bJhVSYxyV7As2hiIyz08d0BpGG6Tsu-tbcVcsvRf0zTe1LAPY-afYpCQsfgS6kRwi5wCE,C Grover,https://play-lh.googleusercontent.com/a-/AOh14Ggfbz7WtGmMpxUIMRi-XnZnnHpIrWoRo3ORATHE,"The game is generally enjoyable still, but the constant notifications are super annoying. I understand that I can turn off all notifications through my phone's app manager, but I want to do be able to receive notifications for raid invitations and friend requests. It's frustrating.",2,0,0.229.0,2022-02-06 08:24:04,,
gp:AOqpTOEQdcN6UGUDg1SA4fizVcOQ877YwgXv5tIr8JCuWcStsvY20lMIDO3wDB-HWQw_UfXmr7OUG7zejFKv8Gk,poken !,https://play-lh.googleusercontent.com/a-/AOh14GgUlJ4XlSMCJ046GbCw31mT0rhmPLwxuqULjsoqFQ,Yeah it's pretty fun. The game is kinda dead but even still they put out updates and events.,4,0,0.227.1,2022-02-06 08:22:29,,
gp:AOqpTOHz80YXBy0m2j_wIOVsklF74X4smk1yJjDKxPJ-Mk-dvJiLJdhyRGsocpI8UGoud68MS9qguTeJiNjdkb0,Jayden Mahaffey,https://play-lh.googleusercontent.com/a/AATXAJzJ8soNu0LOhzD0sq_pe3cIagefsYKURtndnQCl=mo,It is a fun game,5,0,0.227.1,2022-02-06 08:19:18,,
gp:AOqpTOFot60r7PpFpyxsTcNlkfLAJjaudT5pod1Jv6TAJlNHDm6trFh6wTWGMyf7WSsaolKE9bg1WVSNLwOvp4M,Yb Killer,https://play-lh.googleusercontent.com/a-/AOh14Gh2r_kFKgVx6SLlDBh3ekDmpIYP9UG4Hz12NfpF,Soo badddü§Æü§Æü§Æü§Æ,1,0,,2022-02-06 08:13:55,,
gp:AOqpTOGiZeXso36ptqXM3iUXlVB-ZVl6yjOASY39OxOULx8mv7hoFScVlv1ejOYigyugYP2GIvRhSUKWyhquw2I,Sampson Jeanes,https://play-lh.googleusercontent.com/a-/AOh14GieY6955q0rcEAMxBWQj6x3yfkcAjZ3gaRyzW6T,It wont download,1,0,0.229.0,2022-02-06 08:13:49,,
gp:AOqpTOFCgVOZmVWH2GHf3JSOMGOlTUaTKGFi9KsfkCmsQcWZT__4pWY9ZC8obSBG4LZRfalVuWPmQlYcJKbSLdI,Asir Malik,https://play-lh.googleusercontent.com/a-/AOh14GimGmUCu_S6UyfXgn5Nz-S8mWJqcXrTUGkZ3xB7,It is very cool game cool cool,5,0,,2022-02-06 08:12:59,,
gp:AOqpTOFlHUiFN2swvFNv8t5ZSlgKZs-jqy4iOkO-tXcVmdPC-bf1ARzyn9kSr0uMygKj5_xKo3e7x9niXlTjflQ,Deepa Chauhan,https://play-lh.googleusercontent.com/a/AATXAJxosQXPjviwSHw715dhVNRn6euoWHQ6ML6222f0=mo,Sdjtt Nine cicfkck,5,0,0.227.1,2022-02-06 08:07:44,,
gp:AOqpTOGE-7exQer4QoKPGkvqAZxSwwDgPOCcUu3DvYpCXJ1b6s3YP5fTaUttMKMAYYpCkRDiJehElJ0gZlN-jRo,atharva Mishra,https://play-lh.googleusercontent.com/a/AATXAJwQphamPzIORF59y42tenVVAH3Zv-lKE76N0-QF=mo,Ahhahahahahahab,5,0,,2022-02-06 08:05:27,,
gp:AOqpTOFZ519NdiZEf7H7tAvH9eEN3gheam1gSYnwP7TB63ZfLGJzRBeLglulx9Hm-2mieNKmuyAi6hj69xeU3eU,Kelly Harris Jr,https://play-lh.googleusercontent.com/a/AATXAJzQ8xSUXC3a7HyZ2LX5m8NLHvhNF5Z1SjEE27k=mo,Fun and addictive,5,0,0.227.1,2022-02-06 08:00:56,,
gp:AOqpTOHDzrD5C9uSE8UP8VnErp9m8Jr6QW20lgxhriGUgvaqJqyxy5zVN8x1z-xK8SysTspiZvbjLZ1XcWlzgQw,Sahil Zalte,https://play-lh.googleusercontent.com/a/AATXAJym36yIErTY9JRA1lBFih2h4RiG-nitAmzy-hMQ=mo,My first online game,5,0,,2022-02-06 08:00:08,,
gp:AOqpTOHNkKRvIHpVjSmT8tbAxFC-VQQRUFVpqC9J-PWHjC5X-lAV12vmFjFq2bLKKlfB7lEZ0enhcT4Dvns0obU,kyle madden,https://play-lh.googleusercontent.com/a/AATXAJyp7vKAwqleQUBd4RL6xQoz2d5h6vSJTRO4XRFD=mo,Pokemon is the best,5,0,0.229.0,2022-02-06 07:56:28,,
gp:AOqpTOGuW1LHModhopH1vcCG64euvKexPnMXtHKmPppax6nxsraLyqoyZfTWm48cWsxpWyXlSJHhrnHTrSXyA30,Drew Lean,https://play-lh.googleusercontent.com/a-/AOh14GjaHX1WoAegjWH5ZEdIQY0R579os5M_6T3i2s5N,Love it but I'm waiting until this turns into a metaverse and perhaps turn the collection of Pok√©mon into NFTs to then sell to others. Blockchain gaming is our future soon!,4,0,,2022-02-06 07:52:15,,
gp:AOqpTOGef4jXFculemXgZ43hF8DBVhOxGdHSm_qgc56HjzMi6xgDKMfMhYvRvvnrP4JHZpSppc7yYiqhR1OCtIU,rohitu90,https://play-lh.googleusercontent.com/a/AATXAJzIi1kQJLiWLfBcdKPrXb2pPpKVHncUZu5mDHEy=mo,"This game has to be a joke on development side the PvP aspect is a nuisance opponents getting charged moves instantly even with 1 fast move move count are u kidding me , saw my opponent get 3 shields somehow .fix all these aspects",1,0,0.229.0,2022-02-06 07:49:02,,
gp:AOqpTOFp5L4bjZPzCM9nlmf81Brj8umvOAW-nJZj-g_WwrcMY7vwZa445m2BqAHjkm2teKdTqZVf9km_BD-G5Dk,Fatimah Noor,https://play-lh.googleusercontent.com/a/AATXAJwrYJyOgeldFso_R_CjwbvgV71RuoFwtWrbODFw=mo,This is the best game ever......but when will rayquaza return in 2022,5,0,0.193.2,2022-02-06 07:46:15,,
gp:AOqpTOHG8EonTbM7cLkYL5_ii3iLM_rThxZbWp5IGCiLAd3g52Vc3PkIshtIvQfBAdO_bcnvUrhAqhehNRvfbgE,Subina Sangma,https://play-lh.googleusercontent.com/a/AATXAJzw2DnbP7Rcrjsc0pPt7yS9vE3HOiGuxpjahCCd=mo,Please net work speed ok game,5,0,,2022-02-06 07:42:01,,
gp:AOqpTOGcQ8UsVvNFuVgv2EXagG3KuY89NmK1L-yP9lvzYYYFS0iZlwxLlZ2eSdTp9FFo8wce4WLAeGqPWS-91tc,Priti Goyal,https://play-lh.googleusercontent.com/a/AATXAJywOVaXqzeuVwzuAySS12gyUVr6YF0fhUqbYclA=mo,Soo bad game do some changes in it.,1,0,0.227.1,2022-02-06 07:40:20,,
gp:AOqpTOFv1ZZozFQJ1tLPG5X00neofX7BGlPqbkkGNkDrEGVFd8_t3serWdiNzr6d0lnXTh5aNfO7eI61gsBohYc,Mishar Mondal,https://play-lh.googleusercontent.com/a/AATXAJwAeDYXuXcRqEUP6MU2t2_xkH77sXBLFbdvofLI=mo,This is a varey good game but GPS not found is problem piese solved,4,0,0.229.0,2022-02-06 07:36:23,,
gp:AOqpTOGBdsm1HlK9CLdAPa0nziiCyEOfjQwQVXZ71JJltXbLgASmYFMqAbKeQ7NZxpQwflLf7G3a1VdJS1p__js,Antonio Aguilar,https://play-lh.googleusercontent.com/a-/AOh14GgmCumrKcQZlnPrgh3-bOjbzmjTnjOGYIHUihgYRQ,Please fix it,1,0,,2022-02-06 07:19:32,,
gp:AOqpTOG1mXA7jx_Cvdv8gaHy76V-xt2KPajqzCnPDPEwxfhpWKyFq_X0q7qKttLTWogxZnk4zf6JPJkHa7H9ag4,Bikram kumar Jha,https://play-lh.googleusercontent.com/a-/AOh14GiHiNzaYc82motmcaeqNxPVbV5ny2wdJLK0l-62QQ,Superb game,5,0,0.229.0,2022-02-06 07:17:38,,
gp:AOqpTOFBdZZzmtUbsnXGO5PwAnhKxQZ09x8yUB-6z3uJBLvC9FQ_FVS-sXULaJLrTqjpP3NTW2qetQs_xlzwwcs,Sorin Chirvase,https://play-lh.googleusercontent.com/a/AATXAJw7Nt-_5ssBnGU9-_Uszfn5t3-rtExHNJ07bUO_=mo,"A bit too many updates, eating all my storage otherwise its an amazing game",4,0,0.229.0,2022-02-06 07:17:33,,
gp:AOqpTOEHV9FL_m2eaPU05KC9BEFXrfWrA7wAoBpLwwn66JIFxGXNspgflqb6LWQ2kvRsy4qco41xVg2nR1qIRZs,nakul h gamer,https://play-lh.googleusercontent.com/a-/AOh14GjG8VVpc728jWRPE2F5pnByxioKXjiis7_legjQAg,By ‡§õüçä,5,0,,2022-02-06 07:10:24,,
gp:AOqpTOGTzm-WmuS8K-XOltc6a3LqtSyKREsqNWMYvIOOTYCfPHYaJItN5RtzJAtxbQfxMOSbULUxbPPFQLGTQgI,catherinerg1,https://play-lh.googleusercontent.com/a-/AOh14GgO3Z8I_Dcdhw5iQzAkOb7YfYdedNjQguD2MikV,Love it fun to play when I'm bored,5,0,0.229.0,2022-02-06 07:09:38,,
gp:AOqpTOFqEHzsTARsaCRDaTFT9jeJjN_fApV2mORt2IGhHNIkMFm0YWz469-5p6dZwpEWTo7ZHtJknIzAM-Br_0Q,Puppet Master,https://play-lh.googleusercontent.com/a-/AOh14GjCdSaScuQZ-ghSILrqQCdI8CkdwC94RnuDapml,It's really fun and I highly recommend anyone to play it,5,0,0.227.1,2022-02-06 07:08:53,,
gp:AOqpTOG_eDjrQjg0GQea9lSxFFMorpo6GZAgWXuDPcelfCYxD0hKT1kheqnhshhJehDz2SIrp7yMwNida95BFms,Harsh Katarita,https://play-lh.googleusercontent.com/a/AATXAJygXqGhg0eZZdPiFD-9WBlWmxv6bD97CYjkgPZC=mo,"This is not a game, its my life.. Only one problem.. It gets lot of time to open..",4,0,0.229.0,2022-02-06 06:58:37,,
gp:AOqpTOEfzaW4EIEaabLsBYDX7iDiNKOhrIkPN0dSrUV0Przt6NlTWCLhJyPBGLS5NafYSw2k8DMOrvrrY895gWw,Donna Lewis,https://play-lh.googleusercontent.com/a/AATXAJx5xQjHQsAue4On_aMbqHRtO9sOs8VWl3r3m-g=mo,Been playing this since it came out and love it but the latest update keeps making the app crash and close!,4,0,0.229.0,2022-02-06 06:58:25,,
gp:AOqpTOElXVylFK5rwdXf7fnAFLrSxmn7gi02wGmSo5DuSFTShj7IU0wr0ezVXU6qooz1wLKZZ_HzN0KlVvkZG6I,sexlessShaggyK9,https://play-lh.googleusercontent.com/a-/AOh14GhrbGb9kSVgdVI49k5DqFirxtDmy96cfBbg7GBWSA,"It's good, but wow, the constant ""update to continue"" is irritating. I like having other apps too, not just Pok√©mon GO!, and it's like I have to delete most of my apps just to update it.",3,0,0.227.1,2022-02-06 06:55:57,,
gp:AOqpTOEs-EeimEInGSz-Gk4sH1R4gKpweXvYkH-66_zcvYLtSyyx4mrYweWR3hM0A9bfm22EyVGHU1r3QlSwI4k,Joanna Tahil,https://play-lh.googleusercontent.com/a-/AOh14Gg6lsh5n_WTudHgQ_d5UkiMAswyP7_v3oBe4OxT,Hvg,5,0,,2022-02-06 06:53:52,,
gp:AOqpTOHLJpYcGDG-Ac_Qi9RIrymDz2pDJ2BDoFQ2hPaU4QnnFbu5OHObQx1h1sARu19ZrXjm7we-Pf1uRZ9zosM,Kan yuen Loo,https://play-lh.googleusercontent.com/a-/AOh14GhuXSC6Bn1RWufz6ewx1IxeTVwcdpxRUF4qEzZpAg,Can,5,0,0.227.1,2022-02-06 06:41:51,,
gp:AOqpTOGyd_Rhuw_zRkG63lY7pUhew2J0mTjHhQarxv2TsHTDZrM7iOzhIrEXYPUC0EYYJ2D_4sNqca08AI_1m2g,Rixaryna Amethyst Dela Cruz,https://play-lh.googleusercontent.com/a/AATXAJyi41vjPV4izaW3x-gJOgWSNQWn1AYE2QUgzfFo=mo,this is cooooooooooooooooooooollllllllllllllllll,5,0,0.229.0,2022-02-06 06:38:34,,
gp:AOqpTOGung7emsqXOoIjd1EAFj_Tb7uLv26HELFQFxtClFPLXYjxFvu6hCIT6gDewHJfCfJMkHTxV46P3E6cQ04,Mike,https://play-lh.googleusercontent.com/a/AATXAJySIdXnrzVPb5dCIHNrasmOAO99d0BblFaHIfsl=mo,"Welcome to pokelag, where it doesn't matter if it's PVP or PVE, the game will lag you to the point that it's not worth it.",1,5,0.229.0,2022-02-06 06:32:48,,
gp:AOqpTOG6h7UyoJeOcTtF_Lhtdj1if-6g7m7aSBpCkHVSiC-iIth2OH9jZzjAb9FlJ0lr6FGJ03osid2heeIPshE,Udishi,https://play-lh.googleusercontent.com/a-/AOh14GjUuqcPdet7CMZS5A16d21N5hLpPbaLWGx3SQz5OEY,Awesome,5,0,,2022-02-06 06:25:22,,
gp:AOqpTOEnzXKMiusp1F_F5hxENwpNNBVmwvbnwXo9-30IvT8t0mKamdq8T76JfcK02pSKUwCdpsUaN_GPQfpd4uo,aatif malik,https://play-lh.googleusercontent.com/a/AATXAJzQJAEBqLNfi4OodXT7bKuPEfh_I43MaddPtQDT=mo,I love this game niantic,5,0,,2022-02-06 06:25:10,,
gp:AOqpTOFpSfp8RC-tZ2hosRkPWLwsXmeI7At9S3lHwRqsK5x-JzsSo4FjRGmfKqRDpKKj-uZRI6I1PuHIF-bpcGs,Younus Khan,https://play-lh.googleusercontent.com/a/AATXAJzsrdUj-OvwpuhTf-u2w4U0WePF4S1ouzGqB-h5=mo,Good,5,0,0.227.1,2022-02-06 06:18:43,,
gp:AOqpTOFzz81dvi_jZvPKCBKxVW-z1o1Trv7uteg53-xB7N0Z7zRj27hQHaGY0sEzvEOQ4z9sy8FLTtNTuC05vK4,Neba Immaculate,https://play-lh.googleusercontent.com/a/AATXAJxfF8Q9hzLfDdBLhsHHo2DCwzT0pfMd8Yh9Siyd=mo,Ddh,1,0,,2022-02-06 06:17:45,,
gp:AOqpTOHsajrdd9nTLW6sTWpe1bA4dkXR5fSbLWNVxCP1nRu_EOTypbbJZLRg4k-H4OZQ6eQuBuPaVPh61Qt-s44,Kayleigh Walpole,https://play-lh.googleusercontent.com/a-/AOh14Ghi_9tK6T70QFAeKJ3hJXQR7HHf2PMM8OR3roAAAg,"This app is amazing! I play everyday and always enjoy it. The only issue I have is that it's a bit difficult if you don't live near pokestops and gyms, but thats just because I live in a rural areaüòÇüòÇ",5,0,0.227.1,2022-02-06 06:13:22,,
gp:AOqpTOHrS-9De6bxTu1NWvzqeW-Zu5Ols31PS4yt8BevOM164Dg_4K5BSkvGGEFW_eMnaw2i3f923gH8Cw4Zhiw,tanya prakash,https://play-lh.googleusercontent.com/a/AATXAJyLN8-zlrKIdVYKS8k5cpbhovoT_ZvXy6M2236m=mo,Very bad game I cannot open also,1,0,,2022-02-06 06:00:06,,
gp:AOqpTOEpXq1HhLt7bfpSfUDlW0VPTF17zWHzOR0pujnpOg0nG4FuJK5ZUNIJIl5nYQSHw3R8_ClSY7nH_svA-20,Shabnoor Shaikh,https://play-lh.googleusercontent.com/a/AATXAJy6MdlWfz0Q3X7yIzLYa1v1LFOvzvcRoQSJKnvx=mo,Very bad app,5,0,0.229.0,2022-02-06 05:59:54,,
gp:AOqpTOFLUDRx0Qx3ThZQMzWlsjqpSXufKqaJP_l3SJ6w7Y7MXSg4D-gzy1ugdZYrSKLREc42xWcocsGs7LhMILI,Samriti Dogra,https://play-lh.googleusercontent.com/a/AATXAJydccN6ZomCBAKktZxbBOmf2riQ_YjnsZtA8lCu=mo,Best,5,0,,2022-02-06 05:53:59,,
gp:AOqpTOF1igyRR4a7xiYBhKzWogjDYeqWtDb_D-Vn7knTlN7YvzmpqBpJsw7xaZuDNugQ-SckaFq4SC3lC1ITpWU,Subakeerthi Vasan,https://play-lh.googleusercontent.com/a/AATXAJw7HVdetSoyhdHVubtrpG7m6c8QqrteQEB36yvK=mo,Super,5,0,,2022-02-06 05:52:50,,
gp:AOqpTOGMeCq-P3nUumUeNRk96B3-GOA1Ua_sP7gl3Oov5DAlK_yVPmsW0_xCHqx_CsvFgpYzskdH2QF6NChTlxM,Jay Malkar,https://play-lh.googleusercontent.com/a-/AOh14GhikRXoX1mXi2a8A5bEV6Tz0UTZZzWEgZUiFogH4A,I played once now i am feeling bored . Please add some more Pokemons,5,0,,2022-02-06 05:47:17,,
gp:AOqpTOGQ-mwax48CLyBa86YgmvWRLfbOb-AFSQeLioJtWGLaiDwoYTjzSYul7bzPReu7xICVFOCfXzLRKWOpHC8,Tanish Saini,https://play-lh.googleusercontent.com/a-/AOh14GjGVfj3oGRjatZN72w7kwO8qUu9HjRYhPnxy7juWQ,So good game,5,0,0.229.0,2022-02-06 05:45:01,,
gp:AOqpTOFmgxsBdqLjQFiRd4NInzJvoi08bsHjXj_bPZAVI4o0a7naviffjZevvNjzwEoo-mhrlvfDtrGJDt6PSoU,Iv√°n Buenfil,https://play-lh.googleusercontent.com/a-/AOh14GjYx577GaGZaZR7hMOb3ChaXmbnX53GLU9jRuTxcg,Arreglen sus bugs,1,0,0.229.0,2022-02-06 05:44:50,,
gp:AOqpTOF0IEyMNZ94GLgjHJqdEiZTaV2yj5Ha8PrYh9TIohdiMqKLTpxcLo7cJLFv_Q66nPP8LtEf6mOurMuP_DQ,Jhansi Lakshmi,https://play-lh.googleusercontent.com/a/AATXAJzBzVN4iDKVWpA1BFmOBXo0_lE6A8NXtyeYH_Va=mo,Gq,5,0,,2022-02-06 05:41:18,,
gp:AOqpTOF1LJNJ0-kZ7bA_oAX-bwjT4C1pLi-Kn8DjJqXawQpv_NMoPk1HAGMUS5HDryp7wVhbd_nhLTmgGYKkAEY,Shadow Henchman,https://play-lh.googleusercontent.com/a-/AOh14GgDAGhaJZ15SfL-brjOHgt1Snb94FEYBSUYfOlK,Ok,5,0,0.229.0,2022-02-06 05:39:25,,
gp:AOqpTOE87dlHhaP3gNmy331s935yCDB60piaLdGW4H1QN1Zqou_5CQ2aB3UAPYWJIhCKxD0eOb7vmz4kG53qSoI,Chris Tan poh wong,https://play-lh.googleusercontent.com/a/AATXAJzfqC0UxA57JeZXg5kFh9Qy1DPqkX8iVqfVb-E=mo,couldn't wait for more new pokemons to come! always on the lookout for shiny ones...,4,0,,2022-02-06 05:38:07,,
gp:AOqpTOEpYGhTHObtW8U1c3cBoUcA7fNmC_OT39Kifc6YyhSOGAHzcazdbv5DOdwB7iCpNT5ZO5k6W90sp39nEvg,Sandra Gilbert,https://play-lh.googleusercontent.com/a/AATXAJyOMAEAB7udtrGCTOYGTVswaCI78Xee4h8zAsSm=mo,I've been playing this since 2018 and it is an absolute amazing game best one one mobile in my honest opinion. It's still having new updates regularly. I love the community days:),5,0,0.229.0,2022-02-06 05:37:59,,
gp:AOqpTOFRtbrY_zjsubPt37oqerVYLlOje0kI65sGNazdr9x1VexX4wWvC53GxgOyG3mdSYwteXAiGZBia4kyYuE,BlackWolf Galaxy,https://play-lh.googleusercontent.com/a/AATXAJyfrwX-WQmhCmaVTjAu3pApeXkJ9SG1V8yA15Hb=mo,Amazing the best virtual way to play Pokemon on your phone or tablet but takes up too much space and now i cant even update it anymore coz i dont have enogh space and btw srry i cant spell well,3,0,0.227.1,2022-02-06 05:35:09,,
gp:AOqpTOHkMkmqCxSaAXQpO0Z7lDCZo73gyDZRFgbcfL9INHN5lQNoRi98VtzaSP_GcVofTjjDW-av9laTWMm1UiA,Habiba Khan,https://play-lh.googleusercontent.com/a-/AOh14Ggv1OsE3sevzdnd58bWecsHXxIZjLToMjCvx_kaxg,Best game for Pokemon lovers,5,0,,2022-02-06 05:32:30,,
gp:AOqpTOGKjXmwpNhl9rZUdYeGPSboT98Eo2gRMjQps5oCfjWX3NYfwxmHQKkq-Ng_qgCMqTd-aGT90QlwEfuxEJg,Roshani Marathi,https://play-lh.googleusercontent.com/a/AATXAJw7FQOzDIHqf3K3qsrTYSV6Rs6gkgvRRRMchPHS=mo,Hello developers I can't login this game and I even don't get to login with google account.,3,0,,2022-02-06 05:24:00,,
gp:AOqpTOHPpjvdBDx299CdY4ioaPOAA3k9D6B-HlTq8B_-rgfCVQKoJqU-SdELLywskKeMdQkcmfztc839-aAS3nc,Hacken lee,https://play-lh.googleusercontent.com/a/AATXAJzgX3SQwOyeO74GPUe9UozHey_LdWhK2MuImJtw=mo,WHAT IS THIS GAME!!!!!!????,1,0,0.227.1,2022-02-06 05:23:36,,
gp:AOqpTOEI59kwEwR9J03mcuHPwFghB2zHoyMUvoOPjDvyF-o3e6kxY4iIwQ4Mn1H_gIdpV109XTbADJ8usgmu47c,Yashas Lalige,https://play-lh.googleusercontent.com/a/AATXAJz37PP0HrOXwJjFaVThzimFdwa9YaTBt848E7M=mo,All good but fair play doesn't work properly,4,0,,2022-02-06 05:18:29,,
gp:AOqpTOEj0XYJVoGvo3GwOB30muVuHLZ7GO9gEl6gswABC67MIyd4rbMp5REeR4RucGvP9kOr2YmpJTNsnvEbWXU,Pugal Pugal,https://play-lh.googleusercontent.com/a/AATXAJyohSTsDYNb5Ag-Z9mLzYIg-07j2yuaBp0bRh1Q=mo,Supper game,1,0,,2022-02-06 05:14:43,,
gp:AOqpTOGT1p4uY4em9MedJS0lFGx3AKs645WbhJLnUqGanqgEMNy-tMG24m0puKkTIxmN_T5Q1ArZMZCV4PTQYn4,Pathan Moin,https://play-lh.googleusercontent.com/a/AATXAJxB8tmBxHfY3nfvjSg_8Ks2LWe-Uo1d2elToBAu=mo,Ok,5,0,0.227.1,2022-02-06 05:12:46,,
gp:AOqpTOFGi3fb65RqwfzwKhjih3eu4cfH_DdWhDpgNhAIVqNnr72FBg2B37kLW55XcSe3k_NqbBJzHHWUu3k8I_0,Sharon carr,https://play-lh.googleusercontent.com/a/AATXAJzujegN_XA2TmOn_Du1gnz32LMBjHenrLNj9qpI=mo,Love it,5,0,0.227.0,2022-02-06 05:11:45,,
gp:AOqpTOFJmsHubwJHvWvqRQ2J8zV5NI5kiFgLBF8mlaMt7EUbtLlPTftNx_1O-HmgW8QsoMCqgI4BXlAmsibr5t4,Jayaram N,https://play-lh.googleusercontent.com/a-/AOh14Gjk91QG29qRhT1fvSnJwMuSPg5DG44_d9bRvO8e2w,Prathibha,1,0,,2022-02-06 05:09:43,,
gp:AOqpTOG_JhWEAce4ELhu6DnRSk1zWNxfDzZ7qD4ZZ50d9qG3ZFHA9I5N6hMFfqjaibpxFFI5oxUkTULj2dIuYdM,A B Vids,https://play-lh.googleusercontent.com/a-/AOh14Gj3b6l6EBGzLQcEn4U7_PZ0Ime3za9pcxuDOCfqEA,Best game ever easy to play super fun and great for exercise me and my best friend ride at least 10 km every day on our bikes we also stop at parks to battle play in the park and catch pokemon I really recommend that you should get this game however I had a very good account when I was 6 and now I lost it because I don't remember the login details but it's still an amazing game about the pokemon anime and if you like pokemon you will love this game sooo so much BELIEVE IT!!!!!!,5,0,0.229.0,2022-02-06 05:03:21,,
gp:AOqpTOF0lyccJnBk2PkboDWiFR_T80i9m2vZNLuL5owTZQ9KpPnsGeLqFkmW_KPaVcQzb_vdz0jtSaFRnNaUQLs,MAHESH SIDDAMONI,https://play-lh.googleusercontent.com/a-/AOh14GhR40u_d5ErFT7YLw--M3ZfeYiPtQDA2PYWpVkLtQ,It's a. ‡•§‡•§very super but why you are update,5,0,0.227.1,2022-02-06 05:01:26,,
gp:AOqpTOFZ8ZePFx-Wm3E8SLA3T8DJxzRLZoG2ns9urRqHgWfOqNyChddU-GQQ6uvIzObAobRHVkcFrmtBIGuP-24,upp Pillala,https://play-lh.googleusercontent.com/a-/AOh14GiaSEEVk05GbeisimDS3yX9_816pimliNbKP6mx,Excellent,5,0,,2022-02-06 04:58:29,,
gp:AOqpTOFj-vdEjm9qiTkb5DVWtnwrArLso6aRZm4Vq_sY9DS7DMaWBK0tvdbqio7GZtbcUVcT1C4WzZNqjxKP8Qw,koyel Dewri,https://play-lh.googleusercontent.com/a/AATXAJzlzgOm-JVEIXBdzs2cPwQRcze9NVhRmu3uYv9i=mo,bad gameüò™üò≠üòÜüòÜüòÜüòÜ,1,0,,2022-02-06 04:47:36,,
gp:AOqpTOHED4uZVqQ5OCH9uckzwGc-pzrfiq66lDnRWy24xWiGE9K9D_oeVTOfAMUbHZLwj4RHo5P6J6KHKjPQsr0,Kalyani K,https://play-lh.googleusercontent.com/a/AATXAJz7hVXe5TkSowmGkP7Z_X09m0evt3ix2XiqxT_f=mo,Why did removed Google and Facebook login I lost my account please add these so I can platy again Pokemon go,1,0,,2022-02-06 04:42:16,,
gp:AOqpTOGUZFMepmDbwzMNGlaOykzrE2RNpJ9pknkGjM9HR03o-xDNUAgf1APc-KagWIjh_mJ5f5RVZhHks5T4Yc0,ABHIJITH S,https://play-lh.googleusercontent.com/a-/AOh14GhVswp_Xx_FQDYtmoGHdwWoCOZ5JO-J3gMQKYGyfw,Very bad game,1,0,0.229.0,2022-02-06 04:42:10,,
gp:AOqpTOG1-H8f_rudHF6ws4arLWTv14qFkoSLtgPAHSnvWqwu-C5-4KqJffBaGqKdDPLoIV5lC_K9o2OIgqYGZGs,Awadh Kishor,https://play-lh.googleusercontent.com/a/AATXAJwNX1jaC5R55YqjKU6y1KiktcWdm_yDq9nSyxhU=mo,Bekar,5,0,,2022-02-06 04:36:20,,
gp:AOqpTOH2M6WeSVSQzWLXAgoeGpNEdGNFdpV95pPW3iwonaxoFBt6N4guVUMnuQUj0dvm-X8sFqkV2FGGnyHZqOc,Kieran Horton,https://play-lh.googleusercontent.com/a/AATXAJwUnKKqjuevZpIkl1iFl5VAKX1-SEFeM74mSJGS=mo,Goat,4,0,0.227.1,2022-02-06 04:34:41,,
gp:AOqpTOEs4oTvRLO2rwUOBI_jmi2j_YXbhUKr8btP3J8QbL-pV4yKajpmm1N8DiSGMJIzZAz3urk0xho0ZOwOf2s,Amanda Parrish,https://play-lh.googleusercontent.com/a-/AOh14Gg8TXFRRfVDhcTy0c6-ZOH90VrLxkGYFGFlqZ06,"Fix the glitch that makes you have to go to advanced settings and ""refresh game data"" and it'd be 5*",4,0,0.229.0,2022-02-06 04:33:47,,
gp:AOqpTOFPV6Z-p5_oNN2WDrI7jgpJIU6woft1q0EC5U08DO87uAgHuNSkMmB-ymmWFd3VYnZGX31gw1X_AWMuK54,Laura Hauf,https://play-lh.googleusercontent.com/a/AATXAJzhnRQA6hA37lLIjkgwMxXETXIU20s_FnC5oDpZfw=mo,"The game was better before all the add ons. I have 9 friends who do not play anymore. It is no fun. No new characters and buy this and that. I started this game to play with family and friends. Now only a few play. Two more levels to forty, who cares. I sure do not. Years ago I would have!",1,0,0.229.0,2022-02-06 04:26:58,,
gp:AOqpTOFAjK3KbGZk2JvbI8vsd5P-ojpMAe8Ko-_WOLoX_eq2IG4xwdtn98VgRa5KdzMbX6IyOqlZYFZbg5OfwXI,Maria,https://play-lh.googleusercontent.com/a/AATXAJybbwf1jNWeMVcxJVTPEjRMGklFjlZXk1z8bZjd5FU=mo,"I thoroughly enjoy this game. But it gets lonely since I play it by myself. Just wish you expand in game: trainer connecting, specifically: - Scanning trainers nearby - Searching for trainers by the user name (not by the trainer code)",3,0,0.229.0,2022-02-06 04:26:55,,
gp:AOqpTOH6_NBmqKpoiKweYut2hdxsB_QAkioYAVq4RE1dIdj-XwydfBDdwNeLjnJhhx_s783j3_Y9330U8dBylWY,Anisha Roy GAMING,https://play-lh.googleusercontent.com/a-/AOh14GgzXuVNrqnzjmT9WUIRY2p_d5KuTwOGNTwqsBI,Nice,5,0,,2022-02-06 04:17:22,,
gp:AOqpTOEW8RrOGyjufb-VGoWxlTk2NABBVua-V8qqbwnYJKtdOarOXbZwzJMFwkAoVvlWQiUuVEJQPTYi5hKiOKE,„Äå·¥õ·¥è·¥ã è·¥è„Äç,https://play-lh.googleusercontent.com/a-/AOh14GjO4fmYUFr05V2P_HkQVmrYTnDVRgwdm3OxHSgfhg,"When I start the game, there's a bug that says GPS signal not found. I couldn't move at all and play, please fix this! üòî",1,1,0.225.3,2022-02-06 04:17:03,,
gp:AOqpTOG6hOyGIVJ6uWQ5sEhGGY-nwBi5gdPNGgCVf7JBiIbzGhfUApmw6KVwxCJuL99P_0mxofSQG5DG5_-_c8U,Surya Kiran.B,https://play-lh.googleusercontent.com/a-/AOh14Gjps4xzp2QUrfTjx3tranJUDqkucknaCfAt7585,Ads fake,1,0,,2022-02-06 04:16:02,,
gp:AOqpTOGvdgCeXE4I_BMeuiY8L22DyKlikpBpF1eb6XeNTfnnDXPHhaZIZj4xYBQPpuBb7jdO8bAhLrQT3RBo0A4,Angel Lechuga,https://play-lh.googleusercontent.com/a/AATXAJy-FkDmtH6Yusq2h1CaJ_rEnCyELplA4EI6MBdd=mo,Great,5,0,0.229.0,2022-02-06 04:14:23,,
gp:AOqpTOHbwgDLbtLOCHgPgW8hT5dEYErU_81sEb1jp6R6MXAxQS54LhAMhLWPp5vU_byjftW4QUetC2FpvGL7dF0,Luchenzo Skevington,https://play-lh.googleusercontent.com/a/AATXAJwuvktFyEEI3HgPbdOcPHtuc2AhvogCvg4bHksT=mo,Crashes,1,0,0.229.0,2022-02-06 04:11:53,,
gp:AOqpTOG_PylLOWIPw6Y2N13y_Up169AGurVMNUWvQDeC1m3TX7xs6JdO5LNRbIVMOMI9hBT7hFvDhg8HGc0t_ws,kannan.b Kannan.b,https://play-lh.googleusercontent.com/a/AATXAJw8TpFgm7-Ordb3pnu5s7oG0LzVNTrIC7Gri1oW=mo,1.6.2 So Happy,5,0,0.227.1,2022-02-06 04:07:12,,
gp:AOqpTOHXMCOTYLG1V_h8r4Xe67E4ewi8vwhQ474VZMcvkAojHXp_jMffOYRRxZbfLmOv3n6ZVoFg_NcyGZmkNC8,Real Lion Real Lion,https://play-lh.googleusercontent.com/a-/AOh14GgeHw0TfIDBQl2S7AeilQzdDvcWYtkGKeuwjZ9Z,Pokmon go,5,0,0.227.1,2022-02-06 03:47:00,,
gp:AOqpTOHxqJ3uxC2LW-0YPehnAURg66g_YtEZXgeDxDWK_0zlhfqY5sa4WKOCEmCwefVz5bp9YC5LAhpxKsSmfuw,Sanjay Kumar,https://play-lh.googleusercontent.com/a-/AOh14GiMQKYGERMoaQfR0drx6RZj-kCrKuV64iaVKSraWQ,Nice game,5,0,,2022-02-06 03:32:39,,
gp:AOqpTOGwUMBNVmdY8Hnk_tu6Kk23A2z9TOMHhXGqpsP5_YEAcJUWrQ3M6XRzPAqMqItNzWH1rWRXMGHjDIyZuKA,Elizabeth Chisholm,https://play-lh.googleusercontent.com/a/AATXAJwRpaM07uhY61l6fnTdekMbnddjVNhNrspowoDW=mo,This game is fun and even fun exploring while playing,5,0,0.227.1,2022-02-06 03:24:07,,
gp:AOqpTOFzcCZrynxRB-DHH4LbE70OVayT4ABzBYZiX-FVV44qsSbdYgYB3rXCMQpENN9ebInKJWGsHjfaSL3cGxI,SS GAMERS MT,https://play-lh.googleusercontent.com/a-/AOh14GhwGTonvw9EOZPDl3XolngTRQ9TkVA8Cp5okrId,This game is best but catching the same pokemon keeps coming back,1,0,,2022-02-06 03:19:06,,
